Code,Description,Basis,Quantity_t,Spend_AUD,Spend_USD2022,Factor,Factor_Unit,Factor_Source,Cat1_tCO2e_YTD,Cat1_tCO2e_Annualised,Share_pct,Cumulative_pct,Cat4_tCO2e_YTD
CYAN,CYANIDE,Spend x EPA SCEF,,11358365.0,7144777.98,0.974,kg CO2-e/USD2022,US EPA SCEF v1.3 — Other Basic Inorganic Chemical Manufacturing,6959.0,11929.7,27.99,28.0,257.2
EXPL,EXPLOSIVES,Quantity x AusLCI,3132.23,,,2.12,t CO2-e/t,"AusLCI V48 — Ammonium nitrate, market for ammonium nitrate",6640.3,11383.4,26.71,54.7,
OXYG,OXYGEN - BULK,Spend x EPA SCEF,,2876194.53,1809219.14,1.163,kg CO2-e/USD2022,US EPA SCEF v1.3 — Industrial Gas Manufacturing,2104.1,3607.0,8.46,63.2,86.8
LIME,LIME,Spend x EPA SCEF,,1911301.49,1202270.29,1.56,kg CO2-e/USD2022,US EPA SCEF v1.3 — Lime Manufacturing,1875.5,3215.1,7.54,70.7,75.7
GMED,GRINDING MEDIA,Spend x EPA SCEF,,5980138.67,3761700.13,0.349,kg CO2-e/USD2022,US EPA SCEF v1.3 — Iron Foundries,1312.8,2250.5,5.28,76.0,79.0
TYRE,"TYRES, WHEELS RIMS & TUBES",Spend x EPA SCEF,,4029693.24,2534807.04,0.313,kg CO2-e/USD2022,US EPA SCEF v1.3 — Rubber Product Manufacturing for Mechanical Use,793.4,1360.1,3.19,79.2,76.0
MP13,MBL PLNT - HITACHI EH3500,Spend x EPA SCEF,,5232764.74,3291577.82,0.146,kg CO2-e/USD2022,US EPA SCEF v1.3 — Other Metal Valve and Pipe Fitting Manufacturing,480.6,823.9,1.93,81.1,88.9
CHEM,CHEMICALS,Spend x EPA SCEF,,550572.22,346327.69,0.974,kg CO2-e/USD2022,US EPA SCEF v1.3 — Other Basic Inorganic Chemical Manufacturing,337.3,578.2,1.36,82.5,12.5
MP15,MBL PLNT - HITACHI EX3600,Spend x EPA SCEF,,2683493.41,1688003.92,0.146,kg CO2-e/USD2022,US EPA SCEF v1.3 — Other Metal Valve and Pipe Fitting Manufacturing,246.4,422.4,0.99,83.5,45.6
BMAT,BUILDING MATERIALS,Spend x EPA SCEF,,470172.16,295753.46,0.769,kg CO2-e/USD2022,US EPA SCEF v1.3 — Iron and Steel Mills and Ferroalloy Manufacturing,227.4,389.8,0.91,84.4,5.3
SCRN,SCREENS SPARES,Spend x EPA SCEF,,1000574.4,629393.57,0.349,kg CO2-e/USD2022,US EPA SCEF v1.3 — Iron Foundries,219.7,376.6,0.88,85.3,13.2
CARB,CARBON,Spend x EPA SCEF,,687185.85,432262.07,0.472,kg CO2-e/USD2022,US EPA SCEF v1.3 — All Other Miscellaneous Chemical Product and Preparation Manufacturing,204.0,349.7,0.82,86.1,12.1
CV01,CONVEYOR BELTING,Spend x EPA SCEF,,1016945.47,639691.51,0.281,kg CO2-e/USD2022,US EPA SCEF v1.3 — Rubber and Plastics Hoses and Belting Manufacturing,179.8,308.2,0.72,86.8,17.9
GE07,GET - HITACHI EX3600,Spend x EPA SCEF,,775738.8,487964.73,0.349,kg CO2-e/USD2022,US EPA SCEF v1.3 — Iron Foundries,170.3,291.9,0.69,87.5,10.2
SCRM,SCREEN MEDIA,Spend x EPA SCEF,,349383.58,219773.54,0.769,kg CO2-e/USD2022,US EPA SCEF v1.3 — Iron and Steel Mills and Ferroalloy Manufacturing,169.0,289.7,0.68,88.2,4.0
FP03,FXD PLT - FLSMIDTH PRIM CRUSH,Spend x EPA SCEF,,1798757.72,1131476.63,0.146,kg CO2-e/USD2022,US EPA SCEF v1.3 — Other Metal Valve and Pipe Fitting Manufacturing,165.2,283.2,0.66,88.8,30.5
CAUS,CAUSTIC,Spend x EPA SCEF,,262181.11,164920.38,0.974,kg CO2-e/USD2022,US EPA SCEF v1.3 — Other Basic Inorganic Chemical Manufacturing,160.6,275.3,0.65,89.5,5.9
WRML,WEAR PARTS - MILLS,Spend x EPA SCEF,,303812.68,191107.98,0.769,kg CO2-e/USD2022,US EPA SCEF v1.3 — Iron and Steel Mills and Ferroalloy Manufacturing,147.0,252.0,0.59,90.1,3.4
WRCH,WEAR PLATES - CHUTES,Spend x EPA SCEF,,275929.17,173568.35,0.769,kg CO2-e/USD2022,US EPA SCEF v1.3 — Iron and Steel Mills and Ferroalloy Manufacturing,133.5,228.9,0.54,90.6,3.1
PU02,PUMP IMPELLERS,Spend x EPA SCEF,,425925.39,267920.81,0.47,kg CO2-e/USD2022,US EPA SCEF v1.3 — Iron and Steel Forging,125.9,215.8,0.51,91.1,6.2
PU01,PUMP LINERS,Spend x EPA SCEF,,402379.42,253109.64,0.47,kg CO2-e/USD2022,US EPA SCEF v1.3 — Iron and Steel Forging,119.0,204.0,0.48,91.6,5.8
GENC,CONSUMABLES - GENERAL,Spend x EPA SCEF,,393085.89,247263.7,0.472,kg CO2-e/USD2022,US EPA SCEF v1.3 — All Other Miscellaneous Chemical Product and Preparation Manufacturing,116.7,200.1,0.47,92.1,6.9
ACID,ACID,Spend x EPA SCEF,,152833.53,96137.22,0.974,kg CO2-e/USD2022,US EPA SCEF v1.3 — Other Basic Inorganic Chemical Manufacturing,93.6,160.5,0.38,92.4,3.5
FLOC,FLOCCULANT,Spend x EPA SCEF,,305547.39,192199.16,0.472,kg CO2-e/USD2022,US EPA SCEF v1.3 — All Other Miscellaneous Chemical Product and Preparation Manufacturing,90.7,155.5,0.36,92.8,5.4
STEL,"STEEL PLATE, BAR & TUBE",Spend x EPA SCEF,,185689.95,116804.97,0.769,kg CO2-e/USD2022,US EPA SCEF v1.3 — Iron and Steel Mills and Ferroalloy Manufacturing,89.8,153.9,0.36,93.2,2.1
PUMP,PUMP PARTS,Spend x EPA SCEF,,301559.16,189690.44,0.47,kg CO2-e/USD2022,US EPA SCEF v1.3 — Iron and Steel Forging,89.2,152.9,0.36,93.5,4.4
CV05,CONVEYOR PULLEYS,Spend x EPA SCEF,,504327.51,317238.27,0.281,kg CO2-e/USD2022,US EPA SCEF v1.3 — Rubber and Plastics Hoses and Belting Manufacturing,89.1,152.7,0.36,93.9,8.9
PU12,PUMP THROATBUSHS,Spend x EPA SCEF,,260317.52,163748.12,0.47,kg CO2-e/USD2022,US EPA SCEF v1.3 — Iron and Steel Forging,77.0,132.0,0.31,94.2,3.8
FPMS,FIXED PLANT MECHANICAL SPARES,Spend x EPA SCEF,,830347.75,522315.52,0.146,kg CO2-e/USD2022,US EPA SCEF v1.3 — Other Metal Valve and Pipe Fitting Manufacturing,76.3,130.8,0.31,94.5,14.1
WRRC,WEAR PARTS - RECYCLE CRUSHER,Spend x EPA SCEF,,143998.22,90579.53,0.769,kg CO2-e/USD2022,US EPA SCEF v1.3 — Iron and Steel Mills and Ferroalloy Manufacturing,69.7,119.5,0.28,94.8,1.6
CRSH,CRUSHER SPARES,Spend x EPA SCEF,,219299.74,137946.61,0.47,kg CO2-e/USD2022,US EPA SCEF v1.3 — Iron and Steel Forging,64.8,111.1,0.26,95.0,3.2
VALV,VALVES,Spend x EPA SCEF,,210509.98,132417.57,0.47,kg CO2-e/USD2022,US EPA SCEF v1.3 — Iron and Steel Forging,62.2,106.6,0.25,95.3,3.0
MP19,MBL PLNT - HITACHI EX2600,Spend x EPA SCEF,,620266.3,390167.51,0.146,kg CO2-e/USD2022,US EPA SCEF v1.3 — Other Metal Valve and Pipe Fitting Manufacturing,57.0,97.7,0.23,95.5,10.5
CV08,CONVEYOR GEARBOXES,Spend x EPA SCEF,,272181.73,171211.09,0.281,kg CO2-e/USD2022,US EPA SCEF v1.3 — Rubber and Plastics Hoses and Belting Manufacturing,48.1,82.5,0.19,95.7,4.8
SAFG,SAFETY EQUIPMENT - GENERAL,Spend x EPA SCEF,,157397.95,99008.39,0.472,kg CO2-e/USD2022,US EPA SCEF v1.3 — All Other Miscellaneous Chemical Product and Preparation Manufacturing,46.7,80.1,0.19,95.9,2.8
FP09,FXD PLT - CYCLONE SPARES,Spend x EPA SCEF,,491524.62,309184.84,0.146,kg CO2-e/USD2022,US EPA SCEF v1.3 — Other Metal Valve and Pipe Fitting Manufacturing,45.1,77.3,0.18,96.1,8.3
FP04,FXD PLT - METSO MP1000 CRUSHER,Spend x EPA SCEF,,466519.36,293455.73,0.146,kg CO2-e/USD2022,US EPA SCEF v1.3 — Other Metal Valve and Pipe Fitting Manufacturing,42.8,73.4,0.17,96.3,7.9
MTRE,MOTORS - ELECTRICAL,Spend x EPA SCEF,,297539.21,187161.76,0.223,kg CO2-e/USD2022,"US EPA SCEF v1.3 — Measuring, Dispensing, and Other Pumping Equipment Manufacturing",41.7,71.5,0.17,96.4,
FP05,FXD PLT - METSO HP800 CRUSHER,Spend x EPA SCEF,,435198.97,273754.19,0.146,kg CO2-e/USD2022,US EPA SCEF v1.3 — Other Metal Valve and Pipe Fitting Manufacturing,40.0,68.6,0.16,96.6,7.4
FPES,FIXED PLANT ELECTRICAL SPARES,Spend x EPA SCEF,,399795.31,251484.15,0.146,kg CO2-e/USD2022,US EPA SCEF v1.3 — Other Metal Valve and Pipe Fitting Manufacturing,36.7,62.9,0.15,96.7,6.8
WELD,WELDING SUPPLIES & GASSES,Spend x EPA SCEF,,72563.67,45644.89,0.769,kg CO2-e/USD2022,US EPA SCEF v1.3 — Iron and Steel Mills and Ferroalloy Manufacturing,35.1,60.2,0.14,96.9,0.8
LABC,"LAB CONSUMABLES, GAS & CHEMLS",Spend x EPA SCEF,,112767.06,70934.12,0.472,kg CO2-e/USD2022,US EPA SCEF v1.3 — All Other Miscellaneous Chemical Product and Preparation Manufacturing,33.5,57.4,0.13,97.0,2.0
MCON,MAINTENANCE CONSUMABLES,Spend x EPA SCEF,,110423.12,69459.7,0.472,kg CO2-e/USD2022,US EPA SCEF v1.3 — All Other Miscellaneous Chemical Product and Preparation Manufacturing,32.8,56.2,0.13,97.1,1.9
MP11,MBL PLNT - HITACHI COMMON,Spend x EPA SCEF,,327177.38,205805.13,0.146,kg CO2-e/USD2022,US EPA SCEF v1.3 — Other Metal Valve and Pipe Fitting Manufacturing,30.0,51.4,0.12,97.3,5.6
FP08,FXD PLT - PIPING & SPOOLS,Spend x EPA SCEF,,303247.0,190752.15,0.146,kg CO2-e/USD2022,US EPA SCEF v1.3 — Other Metal Valve and Pipe Fitting Manufacturing,27.8,47.7,0.11,97.4,5.2
PFIT,PIPES AND FITTINGS,Spend x EPA SCEF,,57499.99,36169.35,0.769,kg CO2-e/USD2022,US EPA SCEF v1.3 — Iron and Steel Mills and Ferroalloy Manufacturing,27.8,47.7,0.11,97.5,0.7
FAST,FASTENERS AND BOLTING,Spend x EPA SCEF,,54104.02,34033.17,0.769,kg CO2-e/USD2022,US EPA SCEF v1.3 — Iron and Steel Mills and Ferroalloy Manufacturing,26.2,44.9,0.11,97.6,0.6
FL23,FILTERS OTHER - HITACHI EH3500,Spend x EPA SCEF,,256443.45,161311.2,0.146,kg CO2-e/USD2022,US EPA SCEF v1.3 — Other Metal Valve and Pipe Fitting Manufacturing,23.6,40.5,0.09,97.7,4.4
GE01,GET - CAT COMMON,Spend x EPA SCEF,,105596.81,66423.8,0.349,kg CO2-e/USD2022,US EPA SCEF v1.3 — Iron Foundries,23.2,39.8,0.09,97.8,1.4
CV03,CONVEYOR ROLLERS,Spend x EPA SCEF,,113482.71,71384.29,0.281,kg CO2-e/USD2022,US EPA SCEF v1.3 — Rubber and Plastics Hoses and Belting Manufacturing,20.1,34.5,0.08,97.9,2.0
MEDS,MEDICAL SUPPLIES,Spend x EPA SCEF,,64363.86,40486.94,0.472,kg CO2-e/USD2022,US EPA SCEF v1.3 — All Other Miscellaneous Chemical Product and Preparation Manufacturing,19.1,32.7,0.08,97.9,1.1
OFIS,OFFICE SUPPLIES & CONSUMABLES,Spend x EPA SCEF,,63981.39,40246.36,0.472,kg CO2-e/USD2022,US EPA SCEF v1.3 — All Other Miscellaneous Chemical Product and Preparation Manufacturing,19.0,32.6,0.08,98.0,1.1
WRFE,WEAR PARTS - TERT FEEDERS,Spend x EPA SCEF,,38891.52,24464.02,0.769,kg CO2-e/USD2022,US EPA SCEF v1.3 — Iron and Steel Mills and Ferroalloy Manufacturing,18.8,32.2,0.08,98.1,0.4
FL26,FILTERS OTHER - HITACHI EX3600,Spend x EPA SCEF,,200769.41,126290.44,0.146,kg CO2-e/USD2022,US EPA SCEF v1.3 — Other Metal Valve and Pipe Fitting Manufacturing,18.4,31.5,0.07,98.2,3.4
GE06,GET - HITACHI COMMON,Spend x EPA SCEF,,79757.56,50170.08,0.349,kg CO2-e/USD2022,US EPA SCEF v1.3 — Iron Foundries,17.5,30.0,0.07,98.2,1.1
MP06,MBL PLNT - CAT D10T2,Spend x EPA SCEF,,189334.98,119097.81,0.146,kg CO2-e/USD2022,US EPA SCEF v1.3 — Other Metal Valve and Pipe Fitting Manufacturing,17.4,29.8,0.07,98.3,3.2
PU19,PUMP SLEEVE SHAFTS,Spend x EPA SCEF,,57469.03,36149.87,0.47,kg CO2-e/USD2022,US EPA SCEF v1.3 — Iron and Steel Forging,17.0,29.1,0.07,98.4,0.8
STUL,SMALL TOOLS AND MINOR EQUIPMEN,Spend x EPA SCEF,,56793.19,35724.75,0.472,kg CO2-e/USD2022,US EPA SCEF v1.3 — All Other Miscellaneous Chemical Product and Preparation Manufacturing,16.9,29.0,0.07,98.4,1.0
MPMS,MOBILE PLANT SPARES - MECH,Spend x EPA SCEF,,170434.08,107208.53,0.146,kg CO2-e/USD2022,US EPA SCEF v1.3 — Other Metal Valve and Pipe Fitting Manufacturing,15.7,26.9,0.06,98.5,2.9
WRPC,WEAR PARTS - PRIMARY CRUSHER,Spend x EPA SCEF,,32211.8,20262.26,0.769,kg CO2-e/USD2022,US EPA SCEF v1.3 — Iron and Steel Mills and Ferroalloy Manufacturing,15.6,26.7,0.06,98.6,0.4
SA01,SAFETY - GLOVES,Spend x EPA SCEF,,51114.33,32152.56,0.472,kg CO2-e/USD2022,US EPA SCEF v1.3 — All Other Miscellaneous Chemical Product and Preparation Manufacturing,15.2,26.1,0.06,98.6,0.9
SAFC,SAFETY GENERAL CONSUMABLES,Spend x EPA SCEF,,48953.35,30793.24,0.472,kg CO2-e/USD2022,US EPA SCEF v1.3 — All Other Miscellaneous Chemical Product and Preparation Manufacturing,14.5,24.9,0.06,98.7,0.9
GE02,GET - CAT 992,Spend x EPA SCEF,,64736.5,40721.35,0.349,kg CO2-e/USD2022,US EPA SCEF v1.3 — Iron Foundries,14.2,24.3,0.06,98.7,0.9
PLUM,PLUMBING FITTINGS & SUPPLIES,Spend x EPA SCEF,,29443.86,18521.14,0.769,kg CO2-e/USD2022,US EPA SCEF v1.3 — Iron and Steel Mills and Ferroalloy Manufacturing,14.2,24.3,0.06,98.8,0.3
PU06,PUMP DOSING,Spend x EPA SCEF,,47235.0,29712.34,0.47,kg CO2-e/USD2022,US EPA SCEF v1.3 — Iron and Steel Forging,14.0,24.0,0.06,98.9,0.7
EQIP,EQUIPMENT PURCHASES,Spend x EPA SCEF,,44810.37,28187.17,0.472,kg CO2-e/USD2022,US EPA SCEF v1.3 — All Other Miscellaneous Chemical Product and Preparation Manufacturing,13.3,22.8,0.05,98.9,0.8
FL02,FILTERS OTHER - CAT COMMON,Spend x EPA SCEF,,143237.49,90101.0,0.146,kg CO2-e/USD2022,US EPA SCEF v1.3 — Other Metal Valve and Pipe Fitting Manufacturing,13.2,22.6,0.05,99.0,2.4
GE09,GET - HITACHI EX2600,Spend x EPA SCEF,,59534.88,37449.36,0.349,kg CO2-e/USD2022,US EPA SCEF v1.3 — Iron Foundries,13.1,22.5,0.05,99.0,0.8
CEMT,CEMENT,Spend x EPA SCEF,,4728.58,2974.43,3.846,kg CO2-e/USD2022,US EPA SCEF v1.3 — Cement Manufacturing,11.4,19.5,0.05,99.1,0.2
MP17,MBL PLNT - HITACHI EX1200,Spend x EPA SCEF,,114349.13,71929.29,0.146,kg CO2-e/USD2022,US EPA SCEF v1.3 — Other Metal Valve and Pipe Fitting Manufacturing,10.5,18.0,0.04,99.1,1.9
FP06,FXD PLT - TRANSMIN FEEDER,Spend x EPA SCEF,,112039.93,70476.73,0.146,kg CO2-e/USD2022,US EPA SCEF v1.3 — Other Metal Valve and Pipe Fitting Manufacturing,10.3,17.7,0.04,99.2,1.9
GETS,GROUND ENGAGING TOOLS,Spend x EPA SCEF,,46123.19,29012.97,0.349,kg CO2-e/USD2022,US EPA SCEF v1.3 — Iron Foundries,10.1,17.3,0.04,99.2,0.6
PU05,PUMP BARRELS,Spend x EPA SCEF,,33590.33,21129.4,0.47,kg CO2-e/USD2022,US EPA SCEF v1.3 — Iron and Steel Forging,9.9,17.0,0.04,99.2,0.5
TY02,RIMS,Spend x EPA SCEF,,47969.53,30174.38,0.313,kg CO2-e/USD2022,US EPA SCEF v1.3 — Rubber Product Manufacturing for Mechanical Use,9.4,16.1,0.04,99.3,0.9
BATT,BATTERIES,Spend x EPA SCEF,,27053.75,17017.68,0.472,kg CO2-e/USD2022,US EPA SCEF v1.3 — All Other Miscellaneous Chemical Product and Preparation Manufacturing,8.0,13.7,0.03,99.3,0.5
GEAR,GEARBOXES & COMPONENTS,Spend x EPA SCEF,,36391.06,22891.15,0.349,kg CO2-e/USD2022,US EPA SCEF v1.3 — Iron Foundries,8.0,13.7,0.03,99.3,0.5
SA02,SAFETY - EYE PROTECTION,Spend x EPA SCEF,,26303.61,16545.82,0.472,kg CO2-e/USD2022,US EPA SCEF v1.3 — All Other Miscellaneous Chemical Product and Preparation Manufacturing,7.8,13.4,0.03,99.4,0.5
FL32,FILTERS OTHER - HITACHI EX2600,Spend x EPA SCEF,,80063.51,50362.53,0.146,kg CO2-e/USD2022,US EPA SCEF v1.3 — Other Metal Valve and Pipe Fitting Manufacturing,7.4,12.7,0.03,99.4,1.4
CV06,CONVEYOR OTHER,Spend x EPA SCEF,,38525.49,24233.78,0.281,kg CO2-e/USD2022,US EPA SCEF v1.3 — Rubber and Plastics Hoses and Belting Manufacturing,6.8,11.7,0.03,99.4,0.7
SEAL,"SEALS, PACKING & GASKETS",Spend x EPA SCEF,,34159.98,21487.73,0.313,kg CO2-e/USD2022,US EPA SCEF v1.3 — Rubber Product Manufacturing for Mechanical Use,6.7,11.5,0.03,99.5,0.6
HO10,HOSES - HITACHI EX2600,Spend x EPA SCEF,,72674.87,45714.84,0.146,kg CO2-e/USD2022,US EPA SCEF v1.3 — Other Metal Valve and Pipe Fitting Manufacturing,6.7,11.5,0.03,99.5,1.2
CV04,CONVEYOR SCRAPERS,Spend x EPA SCEF,,37503.49,23590.9,0.281,kg CO2-e/USD2022,US EPA SCEF v1.3 — Rubber and Plastics Hoses and Belting Manufacturing,6.6,11.3,0.03,99.5,0.7
FLTA,FILTERS - AIR,Spend x EPA SCEF,,65870.76,41434.83,0.146,kg CO2-e/USD2022,US EPA SCEF v1.3 — Other Metal Valve and Pipe Fitting Manufacturing,6.0,10.3,0.02,99.5,1.1
PU09,PUMP MISC,Spend x EPA SCEF,,19546.28,12295.24,0.47,kg CO2-e/USD2022,US EPA SCEF v1.3 — Iron and Steel Forging,5.8,9.9,0.02,99.6,0.3
GASC,GAS - COMPRESSED,Spend x EPA SCEF,,18075.23,11369.9,0.472,kg CO2-e/USD2022,US EPA SCEF v1.3 — All Other Miscellaneous Chemical Product and Preparation Manufacturing,5.4,9.3,0.02,99.6,0.3
INST,INSTRUMENTATION,Spend x EPA SCEF,,106187.91,66795.62,0.08,kg CO2-e/USD2022,US EPA SCEF v1.3 — Other Electronic Component Manufacturing,5.3,9.1,0.02,99.6,1.3
CV07,CONVEYOR SKIRTING,Spend x EPA SCEF,,28730.57,18072.46,0.281,kg CO2-e/USD2022,US EPA SCEF v1.3 — Rubber and Plastics Hoses and Belting Manufacturing,5.1,8.7,0.02,99.6,0.5
COMH,COMMS HARDWARE,Spend x EPA SCEF,,99756.71,62750.19,0.08,kg CO2-e/USD2022,US EPA SCEF v1.3 — Other Electronic Component Manufacturing,5.0,8.6,0.02,99.6,1.2
MP01,MBL PLNT - CAT COMMON,Spend x EPA SCEF,,53407.32,33594.93,0.146,kg CO2-e/USD2022,US EPA SCEF v1.3 — Other Metal Valve and Pipe Fitting Manufacturing,4.9,8.4,0.02,99.7,0.9
BR01,BEARINGS - BEARINGS,Spend x EPA SCEF,,55866.2,35141.64,0.133,kg CO2-e/USD2022,US EPA SCEF v1.3 — Motor and Generator Manufacturing,4.7,8.1,0.02,99.7,0.7
SA03,SAFETY - UNIFORMS,Spend x EPA SCEF,,15584.4,9803.09,0.472,kg CO2-e/USD2022,US EPA SCEF v1.3 — All Other Miscellaneous Chemical Product and Preparation Manufacturing,4.6,7.9,0.02,99.7,0.3
LSUP,LABORATORY OTHER,Spend x EPA SCEF,,14969.48,9416.29,0.472,kg CO2-e/USD2022,US EPA SCEF v1.3 — All Other Miscellaneous Chemical Product and Preparation Manufacturing,4.4,7.5,0.02,99.7,0.3
FL01,FILTERS AIR - CAT COMMON,Spend x EPA SCEF,,47149.49,29658.55,0.146,kg CO2-e/USD2022,US EPA SCEF v1.3 — Other Metal Valve and Pipe Fitting Manufacturing,4.3,7.4,0.02,99.7,0.8
TY04,TYRE ACCESSORIES,Spend x EPA SCEF,,20673.61,13004.37,0.313,kg CO2-e/USD2022,US EPA SCEF v1.3 — Rubber Product Manufacturing for Mechanical Use,4.1,7.0,0.02,99.7,0.4
MP08,MBL PLNT - CAT 18,Spend x EPA SCEF,,43530.12,27381.85,0.146,kg CO2-e/USD2022,US EPA SCEF v1.3 — Other Metal Valve and Pipe Fitting Manufacturing,4.0,6.9,0.02,99.8,0.7
MP03,MBL PLNT - CAT 777,Spend x EPA SCEF,,40581.73,25527.22,0.146,kg CO2-e/USD2022,US EPA SCEF v1.3 — Other Metal Valve and Pipe Fitting Manufacturing,3.7,6.3,0.01,99.8,0.7
HO08,HOSES - HITACHI EX3600,Spend x EPA SCEF,,38673.8,24327.07,0.146,kg CO2-e/USD2022,US EPA SCEF v1.3 — Other Metal Valve and Pipe Fitting Manufacturing,3.6,6.2,0.01,99.8,0.7
HOSE,HOSES,Spend x EPA SCEF,,16583.53,10431.58,0.313,kg CO2-e/USD2022,US EPA SCEF v1.3 — Rubber Product Manufacturing for Mechanical Use,3.3,5.7,0.01,99.8,0.3
HO09,HOSES - HITACHI EX1200,Spend x EPA SCEF,,35882.42,22571.2,0.146,kg CO2-e/USD2022,US EPA SCEF v1.3 — Other Metal Valve and Pipe Fitting Manufacturing,3.3,5.7,0.01,99.8,0.6
PU24,PUMP RELATED RINGS,Spend x EPA SCEF,,10224.23,6431.37,0.47,kg CO2-e/USD2022,US EPA SCEF v1.3 — Iron and Steel Forging,3.0,5.1,0.01,99.8,0.1
PU03,PUMP GLANDS & PACKING,Spend x EPA SCEF,,9082.48,5713.17,0.47,kg CO2-e/USD2022,US EPA SCEF v1.3 — Iron and Steel Forging,2.7,4.6,0.01,99.8,0.1
HO07,HOSES - HITACHI EH3500,Spend x EPA SCEF,,28025.37,17628.86,0.146,kg CO2-e/USD2022,US EPA SCEF v1.3 — Other Metal Valve and Pipe Fitting Manufacturing,2.6,4.5,0.01,99.8,0.5
MPES,MOBILE PLANT SPARES - ELECT,Spend x EPA SCEF,,27624.57,17376.75,0.146,kg CO2-e/USD2022,US EPA SCEF v1.3 — Other Metal Valve and Pipe Fitting Manufacturing,2.5,4.3,0.01,99.9,0.5
PU17,PUMP RESTRICTORS,Spend x EPA SCEF,,8614.26,5418.65,0.47,kg CO2-e/USD2022,US EPA SCEF v1.3 — Iron and Steel Forging,2.5,4.3,0.01,99.9,0.1
GE10,GET - LIEBHERR R9350,Spend x EPA SCEF,,11343.8,7135.62,0.349,kg CO2-e/USD2022,US EPA SCEF v1.3 — Iron Foundries,2.5,4.3,0.01,99.9,0.1
ECON,ELECTRICAL CONSUMABLES,Spend x EPA SCEF,,45244.78,28460.43,0.08,kg CO2-e/USD2022,US EPA SCEF v1.3 — Other Electronic Component Manufacturing,2.3,3.9,0.01,99.9,0.5
FLTR,FILTER OTHER,Spend x EPA SCEF,,22626.49,14232.79,0.146,kg CO2-e/USD2022,US EPA SCEF v1.3 — Other Metal Valve and Pipe Fitting Manufacturing,2.1,3.6,0.01,99.9,0.4
BE01,BELTS - VEE,Spend x EPA SCEF,,22955.05,14439.47,0.133,kg CO2-e/USD2022,US EPA SCEF v1.3 — Motor and Generator Manufacturing,1.9,3.3,0.01,99.9,0.3
EXPL,EXPLOSIVES,Spend x EPA SCEF,,6185.1,3890.63,0.472,kg CO2-e/USD2022,US EPA SCEF v1.3 — Explosives Manufacturing,1.8,3.1,0.01,99.9,0.1
BELT,BELTS,Spend x EPA SCEF,,20699.74,13020.8,0.133,kg CO2-e/USD2022,US EPA SCEF v1.3 — Motor and Generator Manufacturing,1.7,2.9,0.01,99.9,0.2
MP29,MBL PLNT - LIEBHERR R9350,Spend x EPA SCEF,,17985.05,11313.18,0.146,kg CO2-e/USD2022,US EPA SCEF v1.3 — Other Metal Valve and Pipe Fitting Manufacturing,1.7,2.9,0.01,99.9,0.3
SA04,SAFETY - FOOTWARE,Spend x EPA SCEF,,5321.29,3347.26,0.472,kg CO2-e/USD2022,US EPA SCEF v1.3 — All Other Miscellaneous Chemical Product and Preparation Manufacturing,1.6,2.7,0.01,99.9,0.1
SIGN,SIGNS,Spend x EPA SCEF,,5309.67,3339.95,0.472,kg CO2-e/USD2022,US EPA SCEF v1.3 — All Other Miscellaneous Chemical Product and Preparation Manufacturing,1.6,2.7,0.01,99.9,0.1
PU23,PUMP SEALS,Spend x EPA SCEF,,4935.62,3104.66,0.47,kg CO2-e/USD2022,US EPA SCEF v1.3 — Iron and Steel Forging,1.5,2.6,0.01,99.9,0.1
PU04,PUMP STUFFING BOXES,Spend x EPA SCEF,,4941.72,3108.5,0.47,kg CO2-e/USD2022,US EPA SCEF v1.3 — Iron and Steel Forging,1.5,2.6,0.01,100.0,0.1
PU20,PUMP STUDS,Spend x EPA SCEF,,4434.96,2789.73,0.47,kg CO2-e/USD2022,US EPA SCEF v1.3 — Iron and Steel Forging,1.3,2.2,0.01,100.0,0.1
HO06,HOSES - HITACHI COMMON,Spend x EPA SCEF,,11026.8,6936.21,0.146,kg CO2-e/USD2022,US EPA SCEF v1.3 — Other Metal Valve and Pipe Fitting Manufacturing,1.0,1.7,0.0,100.0,0.2
MP09,MBL PLNT - CAT 854K,Spend x EPA SCEF,,9966.24,6269.09,0.146,kg CO2-e/USD2022,US EPA SCEF v1.3 — Other Metal Valve and Pipe Fitting Manufacturing,0.9,1.5,0.0,100.0,0.2
SA05,SAFETY - OTHER CLOTHING,Spend x EPA SCEF,,2945.57,1852.86,0.472,kg CO2-e/USD2022,US EPA SCEF v1.3 — All Other Miscellaneous Chemical Product and Preparation Manufacturing,0.9,1.5,0.0,100.0,0.1
CABE,CABLE ELECTRICAL,Spend x EPA SCEF,,13986.83,8798.17,0.08,kg CO2-e/USD2022,US EPA SCEF v1.3 — Other Electronic Component Manufacturing,0.7,1.2,0.0,100.0,0.2
PU15,PUMP O RINGS,Spend x EPA SCEF,,2307.53,1451.51,0.47,kg CO2-e/USD2022,US EPA SCEF v1.3 — Iron and Steel Forging,0.7,1.2,0.0,100.0,0.0
VENT,VENTILATION SUPPLIES,Spend x EPA SCEF,,2275.08,1431.1,0.472,kg CO2-e/USD2022,US EPA SCEF v1.3 — All Other Miscellaneous Chemical Product and Preparation Manufacturing,0.7,1.2,0.0,100.0,0.0
FL29,FILTERS OTHER- HITACHI EX1200,Spend x EPA SCEF,,8157.9,5131.58,0.146,kg CO2-e/USD2022,US EPA SCEF v1.3 — Other Metal Valve and Pipe Fitting Manufacturing,0.7,1.2,0.0,100.0,0.1
PU10,PUMP LABYRINTHS,Spend x EPA SCEF,,2443.9,1537.29,0.47,kg CO2-e/USD2022,US EPA SCEF v1.3 — Iron and Steel Forging,0.7,1.2,0.0,100.0,0.0
FL05,FILTERS OTHER- CAT 777,Spend x EPA SCEF,,6823.0,4291.89,0.146,kg CO2-e/USD2022,US EPA SCEF v1.3 — Other Metal Valve and Pipe Fitting Manufacturing,0.6,1.0,0.0,100.0,0.1
MP07,MBL PLNT - CAT 775G,Spend x EPA SCEF,,5429.78,3415.51,0.146,kg CO2-e/USD2022,US EPA SCEF v1.3 — Other Metal Valve and Pipe Fitting Manufacturing,0.5,0.9,0.0,100.0,0.1
CV02,CONVEYOR FRAMES,Spend x EPA SCEF,,2669.03,1678.91,0.281,kg CO2-e/USD2022,US EPA SCEF v1.3 — Rubber and Plastics Hoses and Belting Manufacturing,0.5,0.9,0.0,100.0,0.0
BR04,BEARINGS - HOUSINGS,Spend x EPA SCEF,,4490.33,2824.56,0.133,kg CO2-e/USD2022,US EPA SCEF v1.3 — Motor and Generator Manufacturing,0.4,0.7,0.0,100.0,0.1
FP07,FXD PLT - STEINERT MAG BELT,Spend x EPA SCEF,,4495.0,2827.5,0.146,kg CO2-e/USD2022,US EPA SCEF v1.3 — Other Metal Valve and Pipe Fitting Manufacturing,0.4,0.7,0.0,100.0,0.1
SWGR,SWITCHGEAR,Spend x EPA SCEF,,7850.72,4938.36,0.08,kg CO2-e/USD2022,US EPA SCEF v1.3 — Other Electronic Component Manufacturing,0.4,0.7,0.0,100.0,0.1
GE08,GET - HITACHI EX1200,Spend x EPA SCEF,,1339.0,842.27,0.349,kg CO2-e/USD2022,US EPA SCEF v1.3 — Iron Foundries,0.3,0.5,0.0,100.0,0.0
PU18,PUMP SHAFTS,Spend x EPA SCEF,,890.0,559.84,0.47,kg CO2-e/USD2022,US EPA SCEF v1.3 — Iron and Steel Forging,0.3,0.5,0.0,100.0,0.0
BRNG,BEARINGS & PWR TRANSMISSION EQ,Spend x EPA SCEF,,2903.6,1826.46,0.133,kg CO2-e/USD2022,US EPA SCEF v1.3 — Motor and Generator Manufacturing,0.2,0.3,0.0,100.0,0.0
FL04,FILTERS AIR - CAT 992,Spend x EPA SCEF,,2236.4,1406.77,0.146,kg CO2-e/USD2022,US EPA SCEF v1.3 — Other Metal Valve and Pipe Fitting Manufacturing,0.2,0.3,0.0,100.0,0.0
TY03,TUBES,Spend x EPA SCEF,,1218.8,766.66,0.313,kg CO2-e/USD2022,US EPA SCEF v1.3 — Rubber Product Manufacturing for Mechanical Use,0.2,0.3,0.0,100.0,0.0
CV09,CONVEYOR GEARBOX COMPONENTS,Spend x EPA SCEF,,1106.18,695.82,0.281,kg CO2-e/USD2022,US EPA SCEF v1.3 — Rubber and Plastics Hoses and Belting Manufacturing,0.2,0.3,0.0,100.0,0.0
BR02,BEARINGS - ADAPTOR SLEEVES,Spend x EPA SCEF,,817.27,514.09,0.133,kg CO2-e/USD2022,US EPA SCEF v1.3 — Motor and Generator Manufacturing,0.1,0.2,0.0,100.0,0.0
BR07,BEARINGS - VEE PULLEYS,Spend x EPA SCEF,,1474.01,927.2,0.133,kg CO2-e/USD2022,US EPA SCEF v1.3 — Motor and Generator Manufacturing,0.1,0.2,0.0,100.0,0.0
BR03,BEARINGS - TAPERLOCK BUSHES,Spend x EPA SCEF,,598.08,376.21,0.133,kg CO2-e/USD2022,US EPA SCEF v1.3 — Motor and Generator Manufacturing,0.1,0.2,0.0,100.0,0.0
PU25,PUMP SPACERS,Spend x EPA SCEF,,393.0,247.21,0.47,kg CO2-e/USD2022,US EPA SCEF v1.3 — Iron and Steel Forging,0.1,0.2,0.0,100.0,0.0
FL20,FILTERS OTHER - HITACHI COMMON,Spend x EPA SCEF,,865.58,544.48,0.146,kg CO2-e/USD2022,US EPA SCEF v1.3 — Other Metal Valve and Pipe Fitting Manufacturing,0.1,0.2,0.0,100.0,0.0
FL19,FILTERS AIR - HITACHI COMMON,Spend x EPA SCEF,,671.44,422.36,0.146,kg CO2-e/USD2022,US EPA SCEF v1.3 — Other Metal Valve and Pipe Fitting Manufacturing,0.1,0.2,0.0,100.0,0.0
BR06,BEARINGS - SPACER RINGS,Spend x EPA SCEF,,25.19,15.85,0.133,kg CO2-e/USD2022,US EPA SCEF v1.3 — Motor and Generator Manufacturing,0.0,0.0,0.0,100.0,0.0
FP01,FXD PLT - CJ815 MECH,Spend x EPA SCEF,,112.0,70.45,0.146,kg CO2-e/USD2022,US EPA SCEF v1.3 — Other Metal Valve and Pipe Fitting Manufacturing,0.0,0.0,0.0,100.0,0.0
BR05,BEARINGS - SEALS,Spend x EPA SCEF,,342.3,215.32,0.133,kg CO2-e/USD2022,US EPA SCEF v1.3 — Motor and Generator Manufacturing,0.0,0.0,0.0,100.0,0.0
CMPM,COMPRESSOR SPARES MECHANICAL,Spend x EPA SCEF,,15.6,9.81,0.472,kg CO2-e/USD2022,US EPA SCEF v1.3 — All Other Miscellaneous Chemical Product and Preparation Manufacturing,0.0,0.0,0.0,100.0,0.0
PU13,PUMP BOLTS + NUTS,Spend x EPA SCEF,,10.4,6.54,0.47,kg CO2-e/USD2022,US EPA SCEF v1.3 — Iron and Steel Forging,0.0,0.0,0.0,100.0,0.0
