Code,Description,Value_Chain_Position,S1_Source,S1_tCO2e,S2_Source,S2_tCO2e,S3_Source,S3_tCO2e,Cat4_Transport_Source,Cat4_Transport_tCO2e,GHG_Method,Material_Archetype,Size_Band,Size_Band_Note
ACID,ACID,Cat 1,,,,,EPA SCEF — Other Basic Inorganic Chemical Manufacturing,0.974 kg/USD,EPA SCEF Margins — Other Basic Inorganic Chemical Manufacturing,0.036 kg/USD,Quantity x factor (in-code),,,
ANTI,ANTISCALANT,Cat 1,,,,,EPA SCEF — All Other Miscellaneous Chemical Product and Preparation Manufacturing,0.472 kg/USD,EPA SCEF Margins — All Other Miscellaneous Chemical Product and Preparation Manufacturing,0.028 kg/USD,Quantity x factor (in-code),,,
BATT,BATTERIES,Cat 1,,,,,EPA SCEF — All Other Miscellaneous Chemical Product and Preparation Manufacturing,0.472 kg/USD,EPA SCEF Margins — All Other Miscellaneous Chemical Product and Preparation Manufacturing,0.028 kg/USD,Per-unit factor (parts database),general-consumables-tail,Default,
BE01,BELTS - VEE,Cat 1,,,,,EPA SCEF — Motor and Generator Manufacturing,0.133 kg/USD,EPA SCEF Margins — Motor and Generator Manufacturing,0.019 kg/USD,Per-unit factor (parts database),power-transmission,S,
BELT,BELTS,Cat 1,,,,,EPA SCEF — Motor and Generator Manufacturing,0.133 kg/USD,EPA SCEF Margins — Motor and Generator Manufacturing,0.019 kg/USD,Per-unit factor (parts database),power-transmission,M,Multi-band — default shown; individual items may vary
BMAT,BUILDING MATERIALS,Cat 1,,,,,EPA SCEF — Iron and Steel Mills and Ferroalloy Manufacturing,0.769 kg/USD,EPA SCEF Margins — Iron and Steel Mills and Ferroalloy Manufacturing,0.018 kg/USD,Per-unit factor (parts database),ferrous-fabrication,S,
BOM,BOM'S,Cat 1,,,,,EPA SCEF — All Other Miscellaneous Chemical Product and Preparation Manufacturing,0.472 kg/USD,EPA SCEF Margins — All Other Miscellaneous Chemical Product and Preparation Manufacturing,0.028 kg/USD,Per-unit factor (parts database),general-consumables-tail,Default,
BR01,BEARINGS - BEARINGS,Cat 1,,,,,EPA SCEF — Motor and Generator Manufacturing,0.133 kg/USD,EPA SCEF Margins — Motor and Generator Manufacturing,0.019 kg/USD,Per-unit factor (parts database),power-transmission,S,
BR02,BEARINGS - ADAPTOR SLEEVES,Cat 1,,,,,EPA SCEF — Motor and Generator Manufacturing,0.133 kg/USD,EPA SCEF Margins — Motor and Generator Manufacturing,0.019 kg/USD,Per-unit factor (parts database),power-transmission,S,
BR03,BEARINGS - TAPERLOCK BUSHES,Cat 1,,,,,EPA SCEF — Motor and Generator Manufacturing,0.133 kg/USD,EPA SCEF Margins — Motor and Generator Manufacturing,0.019 kg/USD,Per-unit factor (parts database),power-transmission,S,
BR04,BEARINGS - HOUSINGS,Cat 1,,,,,EPA SCEF — Motor and Generator Manufacturing,0.133 kg/USD,EPA SCEF Margins — Motor and Generator Manufacturing,0.019 kg/USD,Per-unit factor (parts database),power-transmission,M,
BR05,BEARINGS - SEALS,Cat 1,,,,,EPA SCEF — Motor and Generator Manufacturing,0.133 kg/USD,EPA SCEF Margins — Motor and Generator Manufacturing,0.019 kg/USD,Per-unit factor (parts database),power-transmission,S,
BR06,BEARINGS - SPACER RINGS,Cat 1,,,,,EPA SCEF — Motor and Generator Manufacturing,0.133 kg/USD,EPA SCEF Margins — Motor and Generator Manufacturing,0.019 kg/USD,Per-unit factor (parts database),power-transmission,S,
BR07,BEARINGS - VEE PULLEYS,Cat 1,,,,,EPA SCEF — Motor and Generator Manufacturing,0.133 kg/USD,EPA SCEF Margins — Motor and Generator Manufacturing,0.019 kg/USD,Per-unit factor (parts database),power-transmission,M,
BRNG,BEARINGS & PWR TRANSMISSION EQ,Cat 1,,,,,EPA SCEF — Motor and Generator Manufacturing,0.133 kg/USD,EPA SCEF Margins — Motor and Generator Manufacturing,0.019 kg/USD,Per-unit factor (parts database),power-transmission,S,Multi-band — default shown; individual items may vary
CABE,CABLE ELECTRICAL,Cat 1,,,,,EPA SCEF — Other Electronic Component Manufacturing,0.08 kg/USD,EPA SCEF Margins — Other Electronic Component Manufacturing,0.019 kg/USD,Per-unit factor (parts database),electronic,S,
CARB,CARBON,Cat 1,,,,,EPA SCEF — All Other Miscellaneous Chemical Product and Preparation Manufacturing,0.472 kg/USD,EPA SCEF Margins — All Other Miscellaneous Chemical Product and Preparation Manufacturing,0.028 kg/USD,Quantity x factor (in-code),,,
CAUS,CAUSTIC,Cat 1,,,,,EPA SCEF — Other Basic Inorganic Chemical Manufacturing,0.974 kg/USD,EPA SCEF Margins — Other Basic Inorganic Chemical Manufacturing,0.036 kg/USD,Quantity x factor (in-code),,,
CEMT,CEMENT,Cat 1,,,,,EPA SCEF — Cement Manufacturing,3.846 kg/USD,EPA SCEF Margins — Cement Manufacturing,0.078 kg/USD,Quantity x factor (in-code),,,
CHEM,CHEMICALS,Cat 1,,,,,EPA SCEF — Other Basic Inorganic Chemical Manufacturing,0.974 kg/USD,EPA SCEF Margins — Other Basic Inorganic Chemical Manufacturing,0.036 kg/USD,Quantity x factor (in-code),,,
CMPM,COMPRESSOR SPARES MECHANICAL,Cat 1,,,,,EPA SCEF — All Other Miscellaneous Chemical Product and Preparation Manufacturing,0.472 kg/USD,EPA SCEF Margins — All Other Miscellaneous Chemical Product and Preparation Manufacturing,0.028 kg/USD,Per-unit factor (parts database),general-consumables-tail,Default,
COMH,COMMS HARDWARE,Cat 1,,,,,EPA SCEF — Other Electronic Component Manufacturing,0.08 kg/USD,EPA SCEF Margins — Other Electronic Component Manufacturing,0.019 kg/USD,Per-unit factor (parts database),electronic,M,
CONE,CONTRACTORS - ELECTRICAL,Cat 1,,,,,EPA SCEF — Electrical Contractors and Other Wiring Installation Contractors,0.221 kg/USD,,,Spend x EEIO factor,,,
CONG,CONTRACTORS - GENERAL,Cat 1,,,,,EPA SCEF — All Other Specialty Trade Contractors,0.221 kg/USD,,,Spend x EEIO factor,,,
CONL,CONTRACTORS - LABOUR HIRE,Cat 1,,,,,EPA SCEF — Temporary Help Services,0.051 kg/USD,,,Spend x EEIO factor,,,
CONQ,CONSULTANTS,Cat 1,,,,,EPA SCEF — Environmental Consulting Services,0.09 kg/USD,,,Spend x EEIO factor,,,
CONT,CONTRACTOR TEMP STAFF(EXTERNAL,Cat 1,,,,,EPA SCEF — Temporary Help Services,0.051 kg/USD,,,Spend x EEIO factor,,,
CORE,CORE CHARGE,Cat 1,,,,,EPA SCEF — All Other Miscellaneous Chemical Product and Preparation Manufacturing,0.472 kg/USD,EPA SCEF Margins — All Other Miscellaneous Chemical Product and Preparation Manufacturing,0.028 kg/USD,Per-unit factor (parts database),general-consumables-tail,Default,
CRSH,CRUSHER SPARES,Cat 1,,,,,EPA SCEF — Iron and Steel Forging,0.47 kg/USD,EPA SCEF Margins — Iron and Steel Forging,0.023 kg/USD,Per-unit factor (parts database),cast-forged,L,
CV01,CONVEYOR BELTING,Cat 1,,,,,EPA SCEF — Rubber and Plastics Hoses and Belting Manufacturing,0.281 kg/USD,EPA SCEF Margins — Rubber and Plastics Hoses and Belting Manufacturing,0.028 kg/USD,Per-unit factor (parts database),conveyor,L,
CV02,CONVEYOR FRAMES,Cat 1,,,,,EPA SCEF — Rubber and Plastics Hoses and Belting Manufacturing,0.281 kg/USD,EPA SCEF Margins — Rubber and Plastics Hoses and Belting Manufacturing,0.028 kg/USD,Per-unit factor (parts database),conveyor,M,
CV03,CONVEYOR ROLLERS,Cat 1,,,,,EPA SCEF — Rubber and Plastics Hoses and Belting Manufacturing,0.281 kg/USD,EPA SCEF Margins — Rubber and Plastics Hoses and Belting Manufacturing,0.028 kg/USD,Per-unit factor (parts database),conveyor,S,
CV04,CONVEYOR SCRAPERS,Cat 1,,,,,EPA SCEF — Rubber and Plastics Hoses and Belting Manufacturing,0.281 kg/USD,EPA SCEF Margins — Rubber and Plastics Hoses and Belting Manufacturing,0.028 kg/USD,Per-unit factor (parts database),conveyor,S,
CV05,CONVEYOR PULLEYS,Cat 1,,,,,EPA SCEF — Rubber and Plastics Hoses and Belting Manufacturing,0.281 kg/USD,EPA SCEF Margins — Rubber and Plastics Hoses and Belting Manufacturing,0.028 kg/USD,Per-unit factor (parts database),conveyor,L,
CV06,CONVEYOR OTHER,Cat 1,,,,,EPA SCEF — Rubber and Plastics Hoses and Belting Manufacturing,0.281 kg/USD,EPA SCEF Margins — Rubber and Plastics Hoses and Belting Manufacturing,0.028 kg/USD,Per-unit factor (parts database),conveyor,S,
CV07,CONVEYOR SKIRTING,Cat 1,,,,,EPA SCEF — Rubber and Plastics Hoses and Belting Manufacturing,0.281 kg/USD,EPA SCEF Margins — Rubber and Plastics Hoses and Belting Manufacturing,0.028 kg/USD,Per-unit factor (parts database),conveyor,S,
CV08,CONVEYOR GEARBOXES,Cat 1,,,,,EPA SCEF — Rubber and Plastics Hoses and Belting Manufacturing,0.281 kg/USD,EPA SCEF Margins — Rubber and Plastics Hoses and Belting Manufacturing,0.028 kg/USD,Per-unit factor (parts database),conveyor,L,
CV09,CONVEYOR GEARBOX COMPONENTS,Cat 1,,,,,EPA SCEF — Rubber and Plastics Hoses and Belting Manufacturing,0.281 kg/USD,EPA SCEF Margins — Rubber and Plastics Hoses and Belting Manufacturing,0.028 kg/USD,Per-unit factor (parts database),conveyor,M,
CYAN,CYANIDE,Cat 1,,,,,EPA SCEF — Other Basic Inorganic Chemical Manufacturing,0.974 kg/USD,EPA SCEF Margins — Other Basic Inorganic Chemical Manufacturing,0.036 kg/USD,Quantity x factor (in-code),,,
DEGR,DEGREASER,Cat 1,,,,,EPA SCEF — Soap and Other Detergent Manufacturing,0.315 kg/USD,EPA SCEF Margins — Soap and Other Detergent Manufacturing,0.04 kg/USD,Quantity x factor (in-code),,,
DUST,DUST SUPPRESSANT,Cat 1,,,,,EPA SCEF — All Other Miscellaneous Chemical Product and Preparation Manufacturing,0.472 kg/USD,EPA SCEF Margins — All Other Miscellaneous Chemical Product and Preparation Manufacturing,0.028 kg/USD,Quantity x factor (in-code),,,
ECON,ELECTRICAL CONSUMABLES,Cat 1,,,,,EPA SCEF — Other Electronic Component Manufacturing,0.08 kg/USD,EPA SCEF Margins — Other Electronic Component Manufacturing,0.019 kg/USD,Per-unit factor (parts database),electronic,S,
EL01,ELECTRICAL VSD'S,Cat 1,,,,,"EPA SCEF — Measuring, Dispensing, and Other Pumping Equipment Manufacturing",0.223 kg/USD,,,Per-unit factor (parts database),electromechanical,L,
ELRE,ELECTRICAL RETICULATION,Cat 1,,,,,EPA SCEF — Other Electronic Component Manufacturing,0.08 kg/USD,EPA SCEF Margins — Other Electronic Component Manufacturing,0.019 kg/USD,Per-unit factor (parts database),electronic,M,
EQIP,EQUIPMENT PURCHASES,Cat 1,,,,,EPA SCEF — All Other Miscellaneous Chemical Product and Preparation Manufacturing,0.472 kg/USD,EPA SCEF Margins — All Other Miscellaneous Chemical Product and Preparation Manufacturing,0.028 kg/USD,Per-unit factor (parts database),general-consumables-tail,Default,
EXPL,EXPLOSIVES,Cat 1,AGO 2004 Table 11,0.17 t/t,,,EPA SCEF — Explosives Manufacturing,0.472 kg/USD,EPA SCEF Margins — Explosives Manufacturing,0.028 kg/USD,Quantity x AGO 2004 factor,,,
FAST,FASTENERS AND BOLTING,Cat 1,,,,,EPA SCEF — Iron and Steel Mills and Ferroalloy Manufacturing,0.769 kg/USD,EPA SCEF Margins — Iron and Steel Mills and Ferroalloy Manufacturing,0.018 kg/USD,Per-unit factor (parts database),ferrous-fabrication,S,
FL01,FILTERS AIR - CAT COMMON,Cat 1,,,,,EPA SCEF — Other Metal Valve and Pipe Fitting Manufacturing,0.146 kg/USD,EPA SCEF Margins — Other Metal Valve and Pipe Fitting Manufacturing,0.027 kg/USD,Per-unit factor (parts database),mixed-mechanical,S,
FL02,FILTERS OTHER - CAT COMMON,Cat 1,,,,,EPA SCEF — Other Metal Valve and Pipe Fitting Manufacturing,0.146 kg/USD,EPA SCEF Margins — Other Metal Valve and Pipe Fitting Manufacturing,0.027 kg/USD,Per-unit factor (parts database),mixed-mechanical,S,
FL04,FILTERS AIR - CAT 992,Cat 1,,,,,EPA SCEF — Other Metal Valve and Pipe Fitting Manufacturing,0.146 kg/USD,EPA SCEF Margins — Other Metal Valve and Pipe Fitting Manufacturing,0.027 kg/USD,Per-unit factor (parts database),mixed-mechanical,S,
FL05,FILTERS OTHER- CAT 777,Cat 1,,,,,EPA SCEF — Other Metal Valve and Pipe Fitting Manufacturing,0.146 kg/USD,EPA SCEF Margins — Other Metal Valve and Pipe Fitting Manufacturing,0.027 kg/USD,Per-unit factor (parts database),mixed-mechanical,M,
FL08,FILTERS OTHER- CAT 777,Cat 1,,,,,EPA SCEF — Other Metal Valve and Pipe Fitting Manufacturing,0.146 kg/USD,EPA SCEF Margins — Other Metal Valve and Pipe Fitting Manufacturing,0.027 kg/USD,Per-unit factor (parts database),mixed-mechanical,S,
FL19,FILTERS AIR - HITACHI COMMON,Cat 1,,,,,EPA SCEF — Other Metal Valve and Pipe Fitting Manufacturing,0.146 kg/USD,EPA SCEF Margins — Other Metal Valve and Pipe Fitting Manufacturing,0.027 kg/USD,Per-unit factor (parts database),mixed-mechanical,S,
FL20,FILTERS OTHER - HITACHI COMMON,Cat 1,,,,,EPA SCEF — Other Metal Valve and Pipe Fitting Manufacturing,0.146 kg/USD,EPA SCEF Margins — Other Metal Valve and Pipe Fitting Manufacturing,0.027 kg/USD,Per-unit factor (parts database),mixed-mechanical,S,
FL22,FILTERS AIR - HITACHI EH3500,Cat 1,,,,,EPA SCEF — Other Metal Valve and Pipe Fitting Manufacturing,0.146 kg/USD,EPA SCEF Margins — Other Metal Valve and Pipe Fitting Manufacturing,0.027 kg/USD,Per-unit factor (parts database),mixed-mechanical,S,
FL23,FILTERS OTHER - HITACHI EH3500,Cat 1,,,,,EPA SCEF — Other Metal Valve and Pipe Fitting Manufacturing,0.146 kg/USD,EPA SCEF Margins — Other Metal Valve and Pipe Fitting Manufacturing,0.027 kg/USD,Per-unit factor (parts database),mixed-mechanical,S,
FL26,FILTERS OTHER - HITACHI EX3600,Cat 1,,,,,EPA SCEF — Other Metal Valve and Pipe Fitting Manufacturing,0.146 kg/USD,EPA SCEF Margins — Other Metal Valve and Pipe Fitting Manufacturing,0.027 kg/USD,Per-unit factor (parts database),mixed-mechanical,M,
FL29,FILTERS OTHER- HITACHI EX1200,Cat 1,,,,,EPA SCEF — Other Metal Valve and Pipe Fitting Manufacturing,0.146 kg/USD,EPA SCEF Margins — Other Metal Valve and Pipe Fitting Manufacturing,0.027 kg/USD,Per-unit factor (parts database),mixed-mechanical,M,
FL32,FILTERS OTHER - HITACHI EX2600,Cat 1,,,,,EPA SCEF — Other Metal Valve and Pipe Fitting Manufacturing,0.146 kg/USD,EPA SCEF Margins — Other Metal Valve and Pipe Fitting Manufacturing,0.027 kg/USD,Per-unit factor (parts database),mixed-mechanical,L,
FLOC,FLOCCULANT,Cat 1,,,,,EPA SCEF — All Other Miscellaneous Chemical Product and Preparation Manufacturing,0.472 kg/USD,EPA SCEF Margins — All Other Miscellaneous Chemical Product and Preparation Manufacturing,0.028 kg/USD,Quantity x factor (in-code),,,
FLTA,FILTERS - AIR,Cat 1,,,,,EPA SCEF — Other Metal Valve and Pipe Fitting Manufacturing,0.146 kg/USD,EPA SCEF Margins — Other Metal Valve and Pipe Fitting Manufacturing,0.027 kg/USD,Per-unit factor (parts database),mixed-mechanical,S,
FLTR,FILTER OTHER,Cat 1,,,,,EPA SCEF — Other Metal Valve and Pipe Fitting Manufacturing,0.146 kg/USD,EPA SCEF Margins — Other Metal Valve and Pipe Fitting Manufacturing,0.027 kg/USD,Per-unit factor (parts database),mixed-mechanical,S,
FP01,FXD PLT - CJ815 MECH,Cat 1,,,,,EPA SCEF — Other Metal Valve and Pipe Fitting Manufacturing,0.146 kg/USD,EPA SCEF Margins — Other Metal Valve and Pipe Fitting Manufacturing,0.027 kg/USD,Per-unit factor (parts database),mixed-mechanical,M,
FP03,FXD PLT - FLSMIDTH PRIM CRUSH,Cat 1,,,,,EPA SCEF — Other Metal Valve and Pipe Fitting Manufacturing,0.146 kg/USD,EPA SCEF Margins — Other Metal Valve and Pipe Fitting Manufacturing,0.027 kg/USD,Per-unit factor (parts database),mixed-mechanical,L,Multi-band — default shown; individual items may vary
FP04,FXD PLT - METSO MP1000 CRUSHER,Cat 1,,,,,EPA SCEF — Other Metal Valve and Pipe Fitting Manufacturing,0.146 kg/USD,EPA SCEF Margins — Other Metal Valve and Pipe Fitting Manufacturing,0.027 kg/USD,Per-unit factor (parts database),mixed-mechanical,L,Multi-band — default shown; individual items may vary
FP05,FXD PLT - METSO HP800 CRUSHER,Cat 1,,,,,EPA SCEF — Other Metal Valve and Pipe Fitting Manufacturing,0.146 kg/USD,EPA SCEF Margins — Other Metal Valve and Pipe Fitting Manufacturing,0.027 kg/USD,Per-unit factor (parts database),mixed-mechanical,L,Multi-band — default shown; individual items may vary
FP06,FXD PLT - TRANSMIN FEEDER,Cat 1,,,,,EPA SCEF — Other Metal Valve and Pipe Fitting Manufacturing,0.146 kg/USD,EPA SCEF Margins — Other Metal Valve and Pipe Fitting Manufacturing,0.027 kg/USD,Per-unit factor (parts database),mixed-mechanical,M,
FP07,FXD PLT - STEINERT MAG BELT,Cat 1,,,,,EPA SCEF — Other Metal Valve and Pipe Fitting Manufacturing,0.146 kg/USD,EPA SCEF Margins — Other Metal Valve and Pipe Fitting Manufacturing,0.027 kg/USD,Per-unit factor (parts database),mixed-mechanical,M,
FP08,FXD PLT - PIPING & SPOOLS,Cat 1,,,,,EPA SCEF — Other Metal Valve and Pipe Fitting Manufacturing,0.146 kg/USD,EPA SCEF Margins — Other Metal Valve and Pipe Fitting Manufacturing,0.027 kg/USD,Per-unit factor (parts database),mixed-mechanical,M,
FP09,FXD PLT - CYCLONE SPARES,Cat 1,,,,,EPA SCEF — Other Metal Valve and Pipe Fitting Manufacturing,0.146 kg/USD,EPA SCEF Margins — Other Metal Valve and Pipe Fitting Manufacturing,0.027 kg/USD,Per-unit factor (parts database),mixed-mechanical,M,
FPES,FIXED PLANT ELECTRICAL SPARES,Cat 1,,,,,EPA SCEF — Other Metal Valve and Pipe Fitting Manufacturing,0.146 kg/USD,EPA SCEF Margins — Other Metal Valve and Pipe Fitting Manufacturing,0.027 kg/USD,Per-unit factor (parts database),mixed-mechanical,S,Multi-band — default shown; individual items may vary
FPMS,FIXED PLANT MECHANICAL SPARES,Cat 1,,,,,EPA SCEF — Other Metal Valve and Pipe Fitting Manufacturing,0.146 kg/USD,EPA SCEF Margins — Other Metal Valve and Pipe Fitting Manufacturing,0.027 kg/USD,Per-unit factor (parts database),mixed-mechanical,M,Multi-band — default shown; individual items may vary
FUEL,DIESEL & PETROL,Cat 3,NGA — Diesel oil,,,,NGA — WTT diesel,In-code (NGA),,,Scope 1 - not in Cat 1,,,
GASC,GAS - COMPRESSED,Cat 1,,,,,EPA SCEF — All Other Miscellaneous Chemical Product and Preparation Manufacturing,0.472 kg/USD,EPA SCEF Margins — All Other Miscellaneous Chemical Product and Preparation Manufacturing,0.028 kg/USD,Per-unit factor (parts database),general-consumables-tail,Default,
GE01,GET - CAT COMMON,Cat 1,,,,,EPA SCEF — Iron Foundries,0.349 kg/USD,EPA SCEF Margins — Iron Foundries,0.021 kg/USD,Per-unit factor (parts database),ferrous-wear,S,
GE02,GET - CAT 992,Cat 1,,,,,EPA SCEF — Iron Foundries,0.349 kg/USD,EPA SCEF Margins — Iron Foundries,0.021 kg/USD,Per-unit factor (parts database),ferrous-wear,S,
GE06,GET - HITACHI COMMON,Cat 1,,,,,EPA SCEF — Iron Foundries,0.349 kg/USD,EPA SCEF Margins — Iron Foundries,0.021 kg/USD,Per-unit factor (parts database),ferrous-wear,M,
GE07,GET - HITACHI EX3600,Cat 1,,,,,EPA SCEF — Iron Foundries,0.349 kg/USD,EPA SCEF Margins — Iron Foundries,0.021 kg/USD,Per-unit factor (parts database),ferrous-wear,M,
GE08,GET - HITACHI EX1200,Cat 1,,,,,EPA SCEF — Iron Foundries,0.349 kg/USD,EPA SCEF Margins — Iron Foundries,0.021 kg/USD,Per-unit factor (parts database),ferrous-wear,M,
GE09,GET - HITACHI EX2600,Cat 1,,,,,EPA SCEF — Iron Foundries,0.349 kg/USD,EPA SCEF Margins — Iron Foundries,0.021 kg/USD,Per-unit factor (parts database),ferrous-wear,M,
GE10,GET - LIEBHERR R9350,Cat 1,,,,,EPA SCEF — Iron Foundries,0.349 kg/USD,EPA SCEF Margins — Iron Foundries,0.021 kg/USD,Per-unit factor (parts database),ferrous-wear,M,
GE20,GET - KOMATSU WA500,Cat 1,,,,,EPA SCEF — Iron Foundries,0.349 kg/USD,EPA SCEF Margins — Iron Foundries,0.021 kg/USD,Per-unit factor (parts database),ferrous-wear,S,
GE21,GET - KOMATSU WA600,Cat 1,,,,,EPA SCEF — Iron Foundries,0.349 kg/USD,EPA SCEF Margins — Iron Foundries,0.021 kg/USD,Per-unit factor (parts database),ferrous-wear,S,
GEAR,GEARBOXES & COMPONENTS,Cat 1,,,,,EPA SCEF — Iron Foundries,0.349 kg/USD,EPA SCEF Margins — Iron Foundries,0.021 kg/USD,Per-unit factor (parts database),ferrous-wear,L,
GENC,CONSUMABLES - GENERAL,Cat 1,,,,,EPA SCEF — All Other Miscellaneous Chemical Product and Preparation Manufacturing,0.472 kg/USD,EPA SCEF Margins — All Other Miscellaneous Chemical Product and Preparation Manufacturing,0.028 kg/USD,Per-unit factor (parts database),general-consumables-tail,Default,
GETS,GROUND ENGAGING TOOLS,Cat 1,,,,,EPA SCEF — Iron Foundries,0.349 kg/USD,EPA SCEF Margins — Iron Foundries,0.021 kg/USD,Per-unit factor (parts database),ferrous-wear,S,
GMED,GRINDING MEDIA,Cat 1,,,,,EPA SCEF — Iron Foundries,0.349 kg/USD,EPA SCEF Margins — Iron Foundries,0.021 kg/USD,Quantity x factor (in-code),,,
HIRE,EQUIPMENT HIRE,Cat 1,,,,,"EPA SCEF — Construction, Mining, and Forestry Machinery and Equipment Rental and Leasing",0.106 kg/USD,,,Spend x EEIO factor,,,
HO02,HOSES - CAT 777,Cat 1,,,,,EPA SCEF — Other Metal Valve and Pipe Fitting Manufacturing,0.146 kg/USD,EPA SCEF Margins — Other Metal Valve and Pipe Fitting Manufacturing,0.027 kg/USD,Per-unit factor (parts database),mixed-mechanical,S,
HO06,HOSES - HITACHI COMMON,Cat 1,,,,,EPA SCEF — Other Metal Valve and Pipe Fitting Manufacturing,0.146 kg/USD,EPA SCEF Margins — Other Metal Valve and Pipe Fitting Manufacturing,0.027 kg/USD,Per-unit factor (parts database),mixed-mechanical,M,
HO07,HOSES - HITACHI EH3500,Cat 1,,,,,EPA SCEF — Other Metal Valve and Pipe Fitting Manufacturing,0.146 kg/USD,EPA SCEF Margins — Other Metal Valve and Pipe Fitting Manufacturing,0.027 kg/USD,Per-unit factor (parts database),mixed-mechanical,M,
HO08,HOSES - HITACHI EX3600,Cat 1,,,,,EPA SCEF — Other Metal Valve and Pipe Fitting Manufacturing,0.146 kg/USD,EPA SCEF Margins — Other Metal Valve and Pipe Fitting Manufacturing,0.027 kg/USD,Per-unit factor (parts database),mixed-mechanical,M,
HO09,HOSES - HITACHI EX1200,Cat 1,,,,,EPA SCEF — Other Metal Valve and Pipe Fitting Manufacturing,0.146 kg/USD,EPA SCEF Margins — Other Metal Valve and Pipe Fitting Manufacturing,0.027 kg/USD,Per-unit factor (parts database),mixed-mechanical,M,
HO10,HOSES - HITACHI EX2600,Cat 1,,,,,EPA SCEF — Other Metal Valve and Pipe Fitting Manufacturing,0.146 kg/USD,EPA SCEF Margins — Other Metal Valve and Pipe Fitting Manufacturing,0.027 kg/USD,Per-unit factor (parts database),mixed-mechanical,M,
HOSE,HOSES,Cat 1,,,,,EPA SCEF — Rubber Product Manufacturing for Mechanical Use,0.313 kg/USD,EPA SCEF Margins — Rubber Product Manufacturing for Mechanical Use,0.03 kg/USD,Per-unit factor (parts database),polymer-rubber,M,
INST,INSTRUMENTATION,Cat 1,,,,,EPA SCEF — Other Electronic Component Manufacturing,0.08 kg/USD,EPA SCEF Margins — Other Electronic Component Manufacturing,0.019 kg/USD,Per-unit factor (parts database),electronic,M,
LABC,"LAB CONSUMABLES, GAS & CHEMLS",Cat 1,,,,,EPA SCEF — All Other Miscellaneous Chemical Product and Preparation Manufacturing,0.472 kg/USD,EPA SCEF Margins — All Other Miscellaneous Chemical Product and Preparation Manufacturing,0.028 kg/USD,Per-unit factor (parts database),general-consumables-tail,Default,
LABO,LABOUR TYPE,Excluded,,,,,,,,,Excluded,,,
LEAC,LEACH AID,Cat 1,,,,,EPA SCEF — All Other Miscellaneous Chemical Product and Preparation Manufacturing,0.472 kg/USD,EPA SCEF Margins — All Other Miscellaneous Chemical Product and Preparation Manufacturing,0.028 kg/USD,Quantity x factor (in-code),,,
LIME,LIME,Cat 1,,,,,EPA SCEF — Lime Manufacturing,1.56 kg/USD,EPA SCEF Margins — Lime Manufacturing,0.063 kg/USD,Quantity x factor (in-code),,,
LSUP,LABORATORY OTHER,Cat 1,,,,,EPA SCEF — All Other Miscellaneous Chemical Product and Preparation Manufacturing,0.472 kg/USD,EPA SCEF Margins — All Other Miscellaneous Chemical Product and Preparation Manufacturing,0.028 kg/USD,Per-unit factor (parts database),general-consumables-tail,Default,
LUBR,LUBRICANTS,Cat 1,NGA — Petroleum based oils,,,,NGA — WTT petroleum oils,In-code (NGA),,,Quantity x factor (in-code),,,
MCON,MAINTENANCE CONSUMABLES,Cat 1,,,,,EPA SCEF — All Other Miscellaneous Chemical Product and Preparation Manufacturing,0.472 kg/USD,EPA SCEF Margins — All Other Miscellaneous Chemical Product and Preparation Manufacturing,0.028 kg/USD,Per-unit factor (parts database),general-consumables-tail,Default,
MEDS,MEDICAL SUPPLIES,Cat 1,,,,,EPA SCEF — All Other Miscellaneous Chemical Product and Preparation Manufacturing,0.472 kg/USD,EPA SCEF Margins — All Other Miscellaneous Chemical Product and Preparation Manufacturing,0.028 kg/USD,Per-unit factor (parts database),general-consumables-tail,Default,
MP01,MBL PLNT - CAT COMMON,Cat 1,,,,,EPA SCEF — Other Metal Valve and Pipe Fitting Manufacturing,0.146 kg/USD,EPA SCEF Margins — Other Metal Valve and Pipe Fitting Manufacturing,0.027 kg/USD,Per-unit factor (parts database),mixed-mechanical,S,
MP03,MBL PLNT - CAT 777,Cat 1,,,,,EPA SCEF — Other Metal Valve and Pipe Fitting Manufacturing,0.146 kg/USD,EPA SCEF Margins — Other Metal Valve and Pipe Fitting Manufacturing,0.027 kg/USD,Per-unit factor (parts database),mixed-mechanical,M,Multi-band — default shown; individual items may vary
MP05,MBL PLNT - CAT 992,Cat 1,,,,,EPA SCEF — Other Metal Valve and Pipe Fitting Manufacturing,0.146 kg/USD,EPA SCEF Margins — Other Metal Valve and Pipe Fitting Manufacturing,0.027 kg/USD,Per-unit factor (parts database),mixed-mechanical,M,
MP06,MBL PLNT - CAT D10T2,Cat 1,,,,,EPA SCEF — Other Metal Valve and Pipe Fitting Manufacturing,0.146 kg/USD,EPA SCEF Margins — Other Metal Valve and Pipe Fitting Manufacturing,0.027 kg/USD,Per-unit factor (parts database),mixed-mechanical,M,
MP07,MBL PLNT - CAT 775G,Cat 1,,,,,EPA SCEF — Other Metal Valve and Pipe Fitting Manufacturing,0.146 kg/USD,EPA SCEF Margins — Other Metal Valve and Pipe Fitting Manufacturing,0.027 kg/USD,Per-unit factor (parts database),mixed-mechanical,M,
MP08,MBL PLNT - CAT 18,Cat 1,,,,,EPA SCEF — Other Metal Valve and Pipe Fitting Manufacturing,0.146 kg/USD,EPA SCEF Margins — Other Metal Valve and Pipe Fitting Manufacturing,0.027 kg/USD,Per-unit factor (parts database),mixed-mechanical,M,
MP09,MBL PLNT - CAT 854K,Cat 1,,,,,EPA SCEF — Other Metal Valve and Pipe Fitting Manufacturing,0.146 kg/USD,EPA SCEF Margins — Other Metal Valve and Pipe Fitting Manufacturing,0.027 kg/USD,Per-unit factor (parts database),mixed-mechanical,M,
MP11,MBL PLNT - HITACHI COMMON,Cat 1,,,,,EPA SCEF — Other Metal Valve and Pipe Fitting Manufacturing,0.146 kg/USD,EPA SCEF Margins — Other Metal Valve and Pipe Fitting Manufacturing,0.027 kg/USD,Per-unit factor (parts database),mixed-mechanical,M,
MP13,MBL PLNT - HITACHI EH3500,Cat 1,,,,,EPA SCEF — Other Metal Valve and Pipe Fitting Manufacturing,0.146 kg/USD,EPA SCEF Margins — Other Metal Valve and Pipe Fitting Manufacturing,0.027 kg/USD,Per-unit factor (parts database),mixed-mechanical,M,
MP15,MBL PLNT - HITACHI EX3600,Cat 1,,,,,EPA SCEF — Other Metal Valve and Pipe Fitting Manufacturing,0.146 kg/USD,EPA SCEF Margins — Other Metal Valve and Pipe Fitting Manufacturing,0.027 kg/USD,Per-unit factor (parts database),mixed-mechanical,M,
MP17,MBL PLNT - HITACHI EX1200,Cat 1,,,,,EPA SCEF — Other Metal Valve and Pipe Fitting Manufacturing,0.146 kg/USD,EPA SCEF Margins — Other Metal Valve and Pipe Fitting Manufacturing,0.027 kg/USD,Per-unit factor (parts database),mixed-mechanical,M,
MP19,MBL PLNT - HITACHI EX2600,Cat 1,,,,,EPA SCEF — Other Metal Valve and Pipe Fitting Manufacturing,0.146 kg/USD,EPA SCEF Margins — Other Metal Valve and Pipe Fitting Manufacturing,0.027 kg/USD,Per-unit factor (parts database),mixed-mechanical,M,
MP29,MBL PLNT - LIEBHERR R9350,Cat 1,,,,,EPA SCEF — Other Metal Valve and Pipe Fitting Manufacturing,0.146 kg/USD,EPA SCEF Margins — Other Metal Valve and Pipe Fitting Manufacturing,0.027 kg/USD,Per-unit factor (parts database),mixed-mechanical,S,
MP30,MBL PLNT - KOMAT COMMON,Cat 1,,,,,EPA SCEF — Other Metal Valve and Pipe Fitting Manufacturing,0.146 kg/USD,EPA SCEF Margins — Other Metal Valve and Pipe Fitting Manufacturing,0.027 kg/USD,Per-unit factor (parts database),mixed-mechanical,S,
MP31,MBL PLNT - EXCAVATOR BUCKETS,Cat 1,,,,,EPA SCEF — Other Metal Valve and Pipe Fitting Manufacturing,0.146 kg/USD,EPA SCEF Margins — Other Metal Valve and Pipe Fitting Manufacturing,0.027 kg/USD,Per-unit factor (parts database),mixed-mechanical,L,
MPES,MOBILE PLANT SPARES - ELECT,Cat 1,,,,,EPA SCEF — Other Metal Valve and Pipe Fitting Manufacturing,0.146 kg/USD,EPA SCEF Margins — Other Metal Valve and Pipe Fitting Manufacturing,0.027 kg/USD,Per-unit factor (parts database),mixed-mechanical,S,
MPMS,MOBILE PLANT SPARES - MECH,Cat 1,,,,,EPA SCEF — Other Metal Valve and Pipe Fitting Manufacturing,0.146 kg/USD,EPA SCEF Margins — Other Metal Valve and Pipe Fitting Manufacturing,0.027 kg/USD,Per-unit factor (parts database),mixed-mechanical,M,
MTRE,MOTORS - ELECTRICAL,Cat 1,,,,,"EPA SCEF — Measuring, Dispensing, and Other Pumping Equipment Manufacturing",0.223 kg/USD,,,Per-unit factor (parts database),electromechanical,M,Multi-band — default shown; individual items may vary
NACL,SODIUM CHLORITE,Cat 1,,,,,EPA SCEF — Other Basic Inorganic Chemical Manufacturing,0.974 kg/USD,EPA SCEF Margins — Other Basic Inorganic Chemical Manufacturing,0.036 kg/USD,Quantity x factor (in-code),,,
NAHY,SODIUM HYPOCHLORITE,Cat 1,,,,,EPA SCEF — Other Basic Inorganic Chemical Manufacturing,0.974 kg/USD,EPA SCEF Margins — Other Basic Inorganic Chemical Manufacturing,0.036 kg/USD,Quantity x factor (in-code),,,
NITR,NITROGEN,Cat 1,,,,,EPA SCEF — Industrial Gas Manufacturing,1.163 kg/USD,EPA SCEF Margins — Industrial Gas Manufacturing,0.048 kg/USD,Quantity x factor (in-code),,,
OFIS,OFFICE SUPPLIES & CONSUMABLES,Cat 1,,,,,EPA SCEF — All Other Miscellaneous Chemical Product and Preparation Manufacturing,0.472 kg/USD,EPA SCEF Margins — All Other Miscellaneous Chemical Product and Preparation Manufacturing,0.028 kg/USD,Per-unit factor (parts database),general-consumables-tail,Default,
OXYG,OXYGEN - BULK,Cat 1,,,,,EPA SCEF — Industrial Gas Manufacturing,1.163 kg/USD,EPA SCEF Margins — Industrial Gas Manufacturing,0.048 kg/USD,Quantity x factor (in-code),,,
PFIT,PIPES AND FITTINGS,Cat 1,,,,,EPA SCEF — Iron and Steel Mills and Ferroalloy Manufacturing,0.769 kg/USD,EPA SCEF Margins — Iron and Steel Mills and Ferroalloy Manufacturing,0.018 kg/USD,Per-unit factor (parts database),ferrous-fabrication,S,
PLUM,PLUMBING FITTINGS & SUPPLIES,Cat 1,,,,,EPA SCEF — Iron and Steel Mills and Ferroalloy Manufacturing,0.769 kg/USD,EPA SCEF Margins — Iron and Steel Mills and Ferroalloy Manufacturing,0.018 kg/USD,Per-unit factor (parts database),ferrous-fabrication,S,
PROP,PROPANE,Cat 3,NGA — LPG,,,,NGA — WTT LPG,In-code (NGA),,,Quantity x factor (in-code),,,
PU01,PUMP LINERS,Cat 1,,,,,EPA SCEF — Iron and Steel Forging,0.47 kg/USD,EPA SCEF Margins — Iron and Steel Forging,0.023 kg/USD,Per-unit factor (parts database),cast-forged,L,
PU02,PUMP IMPELLERS,Cat 1,,,,,EPA SCEF — Iron and Steel Forging,0.47 kg/USD,EPA SCEF Margins — Iron and Steel Forging,0.023 kg/USD,Per-unit factor (parts database),cast-forged,L,
PU03,PUMP GLANDS & PACKING,Cat 1,,,,,EPA SCEF — Iron and Steel Forging,0.47 kg/USD,EPA SCEF Margins — Iron and Steel Forging,0.023 kg/USD,Per-unit factor (parts database),cast-forged,S,
PU04,PUMP STUFFING BOXES,Cat 1,,,,,EPA SCEF — Iron and Steel Forging,0.47 kg/USD,EPA SCEF Margins — Iron and Steel Forging,0.023 kg/USD,Per-unit factor (parts database),cast-forged,M,
PU05,PUMP BARRELS,Cat 1,,,,,EPA SCEF — Iron and Steel Forging,0.47 kg/USD,EPA SCEF Margins — Iron and Steel Forging,0.023 kg/USD,Per-unit factor (parts database),cast-forged,L,
PU06,PUMP DOSING,Cat 1,,,,,EPA SCEF — Iron and Steel Forging,0.47 kg/USD,EPA SCEF Margins — Iron and Steel Forging,0.023 kg/USD,Per-unit factor (parts database),cast-forged,S,
PU09,PUMP MISC,Cat 1,,,,,EPA SCEF — Iron and Steel Forging,0.47 kg/USD,EPA SCEF Margins — Iron and Steel Forging,0.023 kg/USD,Per-unit factor (parts database),cast-forged,S,
PU10,PUMP LABYRINTHS,Cat 1,,,,,EPA SCEF — Iron and Steel Forging,0.47 kg/USD,EPA SCEF Margins — Iron and Steel Forging,0.023 kg/USD,Per-unit factor (parts database),cast-forged,S,
PU12,PUMP THROATBUSHS,Cat 1,,,,,EPA SCEF — Iron and Steel Forging,0.47 kg/USD,EPA SCEF Margins — Iron and Steel Forging,0.023 kg/USD,Per-unit factor (parts database),cast-forged,L,
PU13,PUMP BOLTS + NUTS,Cat 1,,,,,EPA SCEF — Iron and Steel Forging,0.47 kg/USD,EPA SCEF Margins — Iron and Steel Forging,0.023 kg/USD,Per-unit factor (parts database),cast-forged,S,
PU14,PUMP COVERS,Cat 1,,,,,EPA SCEF — Iron and Steel Forging,0.47 kg/USD,EPA SCEF Margins — Iron and Steel Forging,0.023 kg/USD,Per-unit factor (parts database),cast-forged,M,
PU15,PUMP O RINGS,Cat 1,,,,,EPA SCEF — Iron and Steel Forging,0.47 kg/USD,EPA SCEF Margins — Iron and Steel Forging,0.023 kg/USD,Per-unit factor (parts database),cast-forged,S,
PU16,PUMP PLATES,Cat 1,,,,,EPA SCEF — Iron and Steel Forging,0.47 kg/USD,EPA SCEF Margins — Iron and Steel Forging,0.023 kg/USD,Per-unit factor (parts database),cast-forged,M,
PU17,PUMP RESTRICTORS,Cat 1,,,,,EPA SCEF — Iron and Steel Forging,0.47 kg/USD,EPA SCEF Margins — Iron and Steel Forging,0.023 kg/USD,Per-unit factor (parts database),cast-forged,S,
PU18,PUMP SHAFTS,Cat 1,,,,,EPA SCEF — Iron and Steel Forging,0.47 kg/USD,EPA SCEF Margins — Iron and Steel Forging,0.023 kg/USD,Per-unit factor (parts database),cast-forged,M,
PU19,PUMP SLEEVE SHAFTS,Cat 1,,,,,EPA SCEF — Iron and Steel Forging,0.47 kg/USD,EPA SCEF Margins — Iron and Steel Forging,0.023 kg/USD,Per-unit factor (parts database),cast-forged,M,
PU20,PUMP STUDS,Cat 1,,,,,EPA SCEF — Iron and Steel Forging,0.47 kg/USD,EPA SCEF Margins — Iron and Steel Forging,0.023 kg/USD,Per-unit factor (parts database),cast-forged,S,
PU23,PUMP SEALS,Cat 1,,,,,EPA SCEF — Iron and Steel Forging,0.47 kg/USD,EPA SCEF Margins — Iron and Steel Forging,0.023 kg/USD,Per-unit factor (parts database),cast-forged,S,
PU24,PUMP RELATED RINGS,Cat 1,,,,,EPA SCEF — Iron and Steel Forging,0.47 kg/USD,EPA SCEF Margins — Iron and Steel Forging,0.023 kg/USD,Per-unit factor (parts database),cast-forged,S,
PU25,PUMP SPACERS,Cat 1,,,,,EPA SCEF — Iron and Steel Forging,0.47 kg/USD,EPA SCEF Margins — Iron and Steel Forging,0.023 kg/USD,Per-unit factor (parts database),cast-forged,S,
PUMP,PUMP PARTS,Cat 1,,,,,EPA SCEF — Iron and Steel Forging,0.47 kg/USD,EPA SCEF Margins — Iron and Steel Forging,0.023 kg/USD,Per-unit factor (parts database),cast-forged,M,Multi-band — default shown; individual items may vary
REPA,REPAIRS & MAINTENANCE - GENERA,Cat 1,,,,,EPA SCEF — Commercial and Industrial Machinery and Equipment (except Automotive and Electronic) Repair and Maintenance,0.136 kg/USD,,,Spend x EEIO factor,,,
SA01,SAFETY - GLOVES,Cat 1,,,,,EPA SCEF — All Other Miscellaneous Chemical Product and Preparation Manufacturing,0.472 kg/USD,EPA SCEF Margins — All Other Miscellaneous Chemical Product and Preparation Manufacturing,0.028 kg/USD,Per-unit factor (parts database),general-consumables-tail,Default,
SA02,SAFETY - EYE PROTECTION,Cat 1,,,,,EPA SCEF — All Other Miscellaneous Chemical Product and Preparation Manufacturing,0.472 kg/USD,EPA SCEF Margins — All Other Miscellaneous Chemical Product and Preparation Manufacturing,0.028 kg/USD,Per-unit factor (parts database),general-consumables-tail,Default,
SA03,SAFETY - UNIFORMS,Cat 1,,,,,EPA SCEF — All Other Miscellaneous Chemical Product and Preparation Manufacturing,0.472 kg/USD,EPA SCEF Margins — All Other Miscellaneous Chemical Product and Preparation Manufacturing,0.028 kg/USD,Per-unit factor (parts database),general-consumables-tail,Default,
SA04,SAFETY - FOOTWARE,Cat 1,,,,,EPA SCEF — All Other Miscellaneous Chemical Product and Preparation Manufacturing,0.472 kg/USD,EPA SCEF Margins — All Other Miscellaneous Chemical Product and Preparation Manufacturing,0.028 kg/USD,Per-unit factor (parts database),general-consumables-tail,Default,
SA05,SAFETY - OTHER CLOTHING,Cat 1,,,,,EPA SCEF — All Other Miscellaneous Chemical Product and Preparation Manufacturing,0.472 kg/USD,EPA SCEF Margins — All Other Miscellaneous Chemical Product and Preparation Manufacturing,0.028 kg/USD,Per-unit factor (parts database),general-consumables-tail,Default,
SAFC,SAFETY GENERAL CONSUMABLES,Cat 1,,,,,EPA SCEF — All Other Miscellaneous Chemical Product and Preparation Manufacturing,0.472 kg/USD,EPA SCEF Margins — All Other Miscellaneous Chemical Product and Preparation Manufacturing,0.028 kg/USD,Per-unit factor (parts database),general-consumables-tail,Default,
SAFG,SAFETY EQUIPMENT - GENERAL,Cat 1,,,,,EPA SCEF — All Other Miscellaneous Chemical Product and Preparation Manufacturing,0.472 kg/USD,EPA SCEF Margins — All Other Miscellaneous Chemical Product and Preparation Manufacturing,0.028 kg/USD,Per-unit factor (parts database),general-consumables-tail,Default,
SCRM,SCREEN MEDIA,Cat 1,,,,,EPA SCEF — Iron and Steel Mills and Ferroalloy Manufacturing,0.769 kg/USD,EPA SCEF Margins — Iron and Steel Mills and Ferroalloy Manufacturing,0.018 kg/USD,Per-unit factor (parts database),ferrous-fabrication,M,
SCRN,SCREENS SPARES,Cat 1,,,,,EPA SCEF — Iron Foundries,0.349 kg/USD,EPA SCEF Margins — Iron Foundries,0.021 kg/USD,Per-unit factor (parts database),ferrous-wear,M,
SEAL,"SEALS, PACKING & GASKETS",Cat 1,,,,,EPA SCEF — Rubber Product Manufacturing for Mechanical Use,0.313 kg/USD,EPA SCEF Margins — Rubber Product Manufacturing for Mechanical Use,0.03 kg/USD,Per-unit factor (parts database),polymer-rubber,S,
SEWG,SEWAGE TREATMENT,Cat 1,,,,,EPA SCEF — Other Basic Inorganic Chemical Manufacturing,0.974 kg/USD,EPA SCEF Margins — Other Basic Inorganic Chemical Manufacturing,0.036 kg/USD,Quantity x factor (in-code),,,
SIGN,SIGNS,Cat 1,,,,,EPA SCEF — All Other Miscellaneous Chemical Product and Preparation Manufacturing,0.472 kg/USD,EPA SCEF Margins — All Other Miscellaneous Chemical Product and Preparation Manufacturing,0.028 kg/USD,Per-unit factor (parts database),general-consumables-tail,Default,
SODA,SODA ASH,Cat 1,,,,,EPA SCEF — Other Basic Inorganic Chemical Manufacturing,0.974 kg/USD,EPA SCEF Margins — Other Basic Inorganic Chemical Manufacturing,0.036 kg/USD,Quantity x factor (in-code),,,
STEL,"STEEL PLATE, BAR & TUBE",Cat 1,,,,,EPA SCEF — Iron and Steel Mills and Ferroalloy Manufacturing,0.769 kg/USD,EPA SCEF Margins — Iron and Steel Mills and Ferroalloy Manufacturing,0.018 kg/USD,Per-unit factor (parts database),ferrous-fabrication,M,Multi-band — default shown; individual items may vary
STUL,SMALL TOOLS AND MINOR EQUIPMEN,Cat 1,,,,,EPA SCEF — All Other Miscellaneous Chemical Product and Preparation Manufacturing,0.472 kg/USD,EPA SCEF Margins — All Other Miscellaneous Chemical Product and Preparation Manufacturing,0.028 kg/USD,Per-unit factor (parts database),general-consumables-tail,Default,
SWGR,SWITCHGEAR,Cat 1,,,,,EPA SCEF — Other Electronic Component Manufacturing,0.08 kg/USD,EPA SCEF Margins — Other Electronic Component Manufacturing,0.019 kg/USD,Per-unit factor (parts database),electronic,M,
TY01,TYRES,Cat 1,,,,,EPA SCEF — Rubber Product Manufacturing for Mechanical Use,0.313 kg/USD,EPA SCEF Margins — Rubber Product Manufacturing for Mechanical Use,0.03 kg/USD,Per-unit factor (parts database),polymer-rubber,L,
TY02,RIMS,Cat 1,,,,,EPA SCEF — Rubber Product Manufacturing for Mechanical Use,0.313 kg/USD,EPA SCEF Margins — Rubber Product Manufacturing for Mechanical Use,0.03 kg/USD,Per-unit factor (parts database),polymer-rubber,L,
TY03,TUBES,Cat 1,,,,,EPA SCEF — Rubber Product Manufacturing for Mechanical Use,0.313 kg/USD,EPA SCEF Margins — Rubber Product Manufacturing for Mechanical Use,0.03 kg/USD,Per-unit factor (parts database),polymer-rubber,S,
TY04,TYRE ACCESSORIES,Cat 1,,,,,EPA SCEF — Rubber Product Manufacturing for Mechanical Use,0.313 kg/USD,EPA SCEF Margins — Rubber Product Manufacturing for Mechanical Use,0.03 kg/USD,Per-unit factor (parts database),polymer-rubber,S,
TYRE,"TYRES, WHEELS RIMS & TUBES",Cat 1,,,,,EPA SCEF — Rubber Product Manufacturing for Mechanical Use,0.313 kg/USD,EPA SCEF Margins — Rubber Product Manufacturing for Mechanical Use,0.03 kg/USD,Per-unit factor (parts database),polymer-rubber,L,
VALV,VALVES,Cat 1,,,,,EPA SCEF — Iron and Steel Forging,0.47 kg/USD,EPA SCEF Margins — Iron and Steel Forging,0.023 kg/USD,Per-unit factor (parts database),cast-forged,M,Multi-band — default shown; individual items may vary
VENT,VENTILATION SUPPLIES,Cat 1,,,,,EPA SCEF — All Other Miscellaneous Chemical Product and Preparation Manufacturing,0.472 kg/USD,EPA SCEF Margins — All Other Miscellaneous Chemical Product and Preparation Manufacturing,0.028 kg/USD,Per-unit factor (parts database),general-consumables-tail,Default,
WELD,WELDING SUPPLIES & GASSES,Cat 1,,,,,EPA SCEF — Iron and Steel Mills and Ferroalloy Manufacturing,0.769 kg/USD,EPA SCEF Margins — Iron and Steel Mills and Ferroalloy Manufacturing,0.018 kg/USD,Per-unit factor (parts database),ferrous-fabrication,S,
WGAS,WELDING GAS,Cat 1,,,,,EPA SCEF — Industrial Gas Manufacturing,1.163 kg/USD,EPA SCEF Margins — Industrial Gas Manufacturing,0.048 kg/USD,Quantity x factor (in-code),,,
WR01,WEAR PARTS - MILL 1 LINERS,Cat 1,,,,,EPA SCEF — Iron Foundries,0.349 kg/USD,EPA SCEF Margins — Iron Foundries,0.021 kg/USD,Per-unit factor (parts database),ferrous-wear,L,
WR02,WEAR PARTS - MILL 2 LINERS,Cat 1,,,,,EPA SCEF — Iron Foundries,0.349 kg/USD,EPA SCEF Margins — Iron Foundries,0.021 kg/USD,Per-unit factor (parts database),ferrous-wear,L,
WR03,WEAR PARTS - MILL 3 LINERS,Cat 1,,,,,EPA SCEF — Iron Foundries,0.349 kg/USD,EPA SCEF Margins — Iron Foundries,0.021 kg/USD,Per-unit factor (parts database),ferrous-wear,L,
WR04,WEAR PARTS - MILL 4 LINERS,Cat 1,,,,,EPA SCEF — Iron Foundries,0.349 kg/USD,EPA SCEF Margins — Iron Foundries,0.021 kg/USD,Per-unit factor (parts database),ferrous-wear,L,
WRCH,WEAR PLATES - CHUTES,Cat 1,,,,,EPA SCEF — Iron and Steel Mills and Ferroalloy Manufacturing,0.769 kg/USD,EPA SCEF Margins — Iron and Steel Mills and Ferroalloy Manufacturing,0.018 kg/USD,Per-unit factor (parts database),ferrous-fabrication,M,Multi-band — default shown; individual items may vary
WRFE,WEAR PARTS - TERT FEEDERS,Cat 1,,,,,EPA SCEF — Iron and Steel Mills and Ferroalloy Manufacturing,0.769 kg/USD,EPA SCEF Margins — Iron and Steel Mills and Ferroalloy Manufacturing,0.018 kg/USD,Per-unit factor (parts database),ferrous-fabrication,M,
WRML,WEAR PARTS - MILLS,Cat 1,,,,,EPA SCEF — Iron and Steel Mills and Ferroalloy Manufacturing,0.769 kg/USD,EPA SCEF Margins — Iron and Steel Mills and Ferroalloy Manufacturing,0.018 kg/USD,Per-unit factor (parts database),ferrous-fabrication,M,
WRPC,WEAR PARTS - PRIMARY CRUSHER,Cat 1,,,,,EPA SCEF — Iron and Steel Mills and Ferroalloy Manufacturing,0.769 kg/USD,EPA SCEF Margins — Iron and Steel Mills and Ferroalloy Manufacturing,0.018 kg/USD,Per-unit factor (parts database),ferrous-fabrication,L,
WRRC,WEAR PARTS - RECYCLE CRUSHER,Cat 1,,,,,EPA SCEF — Iron and Steel Mills and Ferroalloy Manufacturing,0.769 kg/USD,EPA SCEF Margins — Iron and Steel Mills and Ferroalloy Manufacturing,0.018 kg/USD,Per-unit factor (parts database),ferrous-fabrication,M,
ZDEL,Deleted Items,Excluded,,,,,,,,,Excluded,,,
ZZZZ,Generic - To Be Corrected,Excluded,,,,,,,,,Excluded,,,
