ListName,Code,Label,Dimension,EmissionScale,QuantityScale,SortOrder,Active,Notes
AssetClass,Transmission and distribution lines,Power and Communication Line and Related Structures Construction,,,,1,True,NAICS 237130
AssetClass,Substation civil and earthworks,Other Heavy and Civil Engineering Construction,,,,2,True,NAICS 237990
AssetClass,Concrete foundations and plinths,Poured Concrete Foundation and Structure Contractors,,,,3,True,NAICS 238110
AssetClass,Electrical installation and cabling,Electrical Contractors and Other Wiring Installation,,,,4,True,NAICS 238210
AssetClass,"Mechanical installation, specialty trades",All Other Specialty Trade Contractors,,,,5,True,NAICS 238990
AssetClass,Industrial building construction,Industrial Building Construction,,,,6,True,NAICS 236210
AssetClass,"Building construction, commercial and office",Commercial and Institutional Building Construction,,,,7,True,NAICS 236220
AssetClass,"Structural steel, gantries, frames",Fabricated Structural Metal Manufacturing,,,,8,True,NAICS 332312
AssetClass,Transportable and modular buildings,Prefabricated Metal Building and Component Manufacturing,,,,9,True,NAICS 332311
AssetClass,Prefabricated timber buildings,Prefabricated Wood Building Manufacturing,,,,10,True,NAICS 321992
AssetClass,Tanks and heavy gauge vessels,Metal Tank (Heavy Gauge) Manufacturing,,,,11,True,NAICS 332420
AssetClass,"Kilns, furnaces and ovens",Industrial Process Furnace and Oven Manufacturing,,,,12,True,NAICS 333994
AssetClass,Other industrial machinery,Other Industrial Machinery Manufacturing,,,,13,True,NAICS 333249
AssetClass,Power transformers,"Power, Distribution, and Specialty Transformer Manufacturing",,,,14,True,NAICS 335311
AssetClass,"Switchgear, circuit breakers, metering",Switchgear and Switchboard Apparatus Manufacturing,,,,15,True,NAICS 335313
AssetClass,STATCOM and power electronics,All Other Miscellaneous Electrical Equipment and Component Mfg,,,,16,True,NAICS 335999
AssetClass,Protection relays and control systems,Relay and Industrial Control Manufacturing,,,,17,True,NAICS 335314
AssetClass,Motors and generators,Motor and Generator Manufacturing,,,,18,True,NAICS 335312
AssetClass,Light vehicles and utilities,Light Truck and Utility Vehicle Manufacturing,,,,19,True,NAICS 336112
AssetClass,Heavy road trucks,Heavy Duty Truck Manufacturing,,,,20,True,NAICS 336120
AssetClass,Trailers and floats,Truck Trailer Manufacturing,,,,21,True,NAICS 336212
AssetClass,Tractors and agricultural plant,Farm Machinery and Equipment Manufacturing,,,,22,True,NAICS 333111
AssetClass,"Forklifts, stackers, yard tractors","Industrial Truck, Tractor, Trailer and Stacker Machinery Mfg",,,,23,True,NAICS 333924
AssetClass,"Mobile mining plant, dozers, graders",Construction Machinery Manufacturing,,,,24,True,NAICS 333120
AssetClass,Office furniture and fit-out,Office Furniture (except Wood) Manufacturing,,,,25,True,NAICS 337214
AssetClass,"Design and engineering, external",Engineering Services,,,,26,True,NAICS 541330
Basis,spend,spend,,,,1,True,Priced on expenditure.
Basis,physical,physical,,,,2,True,Priced on quantity.  Takes precedence over spend for the same group.
Basis,capital,capital,,,,3,True,"Category 2, priced on recognised capital value."
Basis,travel,travel,,,,4,True,Priced on passenger distance.
Basis,vehicle,vehicle,,,,5,True,Priced on vehicle distance.
Basis,treatment,treatment,,,,6,True,Priced on tonnes of waste.
Basis,excluded,excluded,,,,7,True,Not priced in this category.  The reason says where it is counted instead.
Category,1,Purchased goods and services,,,,1,True,
Category,2,Capital goods,,,,2,True,
Category,3,Fuel and energy related activities,,,,3,True,
Category,4,Upstream transportation and distribution,,,,4,True,
Category,5,Waste generated in operations,,,,5,True,
Category,6,Business travel,,,,6,True,
Category,7,Employee commuting,,,,7,True,
Category,10,Processing of sold products,,,,8,True,
Dimension,mass,mass,,,,1,True,base unit t
Dimension,volume,volume,,,,2,True,base unit kL
Dimension,energy,energy,,,,3,True,base unit GJ
Dimension,distance,distance,,,,4,True,base unit km
Dimension,passenger-distance,passenger-distance,,,,5,True,base unit passenger km
Dimension,spend-AUD,spend-AUD,,,,6,True,base unit AUD.  Separate from USD on purpose: a factor published per US dollar cannot price Australian spend until it has been converted on import.
Dimension,spend-USD,spend-USD,,,,7,True,"base unit USD, of the year the publication states."
Dimension,count,count,,,,8,True,base unit each
ImportType,NGA workbook,NGA workbook,,,,1,True,DCCEEW National Greenhouse Accounts Factors.
ImportType,EPA SCEF,EPA SCEF,,,,2,True,US EPA supply chain factors by NAICS.
ImportType,Scope 3 factors,Scope 3 factors,,,,3,True,The distributed factor and item table.
ImportType,Operations actual,Operations actual,,,,4,True,Recorded physicals.
ImportType,Operations budget,Operations budget,,,,5,True,Projected physicals.
ImportType,Lookups,Lookups,,,,6,True,This table.
ImportType,Factors (generic),Factors (generic),,,,7,True,"Any source, reshaped into the Factors columns.  The way in that always works."
Region,Australia,Australia,,,,1,True,National.
Region,NSW,NSW,,,,2,True,Grid.
Region,VIC,VIC,,,,3,True,Grid.
Region,QLD,QLD,,,,4,True,Grid.
Region,SA,SA,,,,5,True,Grid.
Region,WA,WA,,,,6,True,Grid.
Region,TAS,TAS,,,,7,True,Grid.
Region,NT,NT,,,,8,True,Darwin Katherine Interconnected System.
Region,NWIS,NWIS,,,,9,True,North West Interconnected System.
Region,SWIS,SWIS,,,,10,True,South West Interconnected System.
Region,National,National,,,,11,True,The national grid factor.
Region,USA,USA,,,,12,True,The US EPA supply chain factors are published for United States production and say so in their own limitations.
Region,China,China,,,,13,True,
Region,Global,Global,,,,14,True,A world average.
Region,United Kingdom,United Kingdom,,,,15,True,
Rule,Column,Column,,,,1,True,Take a source column as it stands.
Rule,Constant,Constant,,,,2,True,The file does not carry it; the mapping supplies it.
Rule,Pivot,Pivot,,,,3,True,The source puts in rows what the target puts in columns.
Rule,Derive,Derive,,,,4,True,Computed from fields already mapped.
Rule,Ignore,Ignore,,,,5,True,"Present in the file, not wanted."
Status,Active,Active,,,,1,True,
Status,Retired,Retired,,,,2,True,
Tenure,Owned,Owned,,,,1,True,Capitalised.  Produces a Category 2 event.
Tenure,Finance lease,Finance lease,,,,2,True,Capitalised.  Produces a Category 2 event.
Tenure,Rental,Rental,,,,3,True,"An expensed service.  Category 1, not capital."
Unit,kg CO2-e/t,kg CO2-e/t,mass,1.0,1.0,1,True,
Unit,t CO2-e per t,t CO2-e per t,mass,1000.0,1.0,2,True,A thousand times kg CO2-e/t.  Kept apart because the difference is the error nobody sees.
Unit,kg CO2-e/kg,kg CO2-e/kg,mass,1.0,0.001,3,True,
Unit,kg CO2-e/kL,kg CO2-e/kL,volume,1.0,1.0,4,True,
Unit,kg CO2-e/L,kg CO2-e/L,volume,1.0,0.001,5,True,
Unit,kg CO2-e/m3,kg CO2-e/m3,volume,1.0,1.0,6,True,Gaseous fuels are metered in cubic metres and priced against them.
Unit,kg CO2-e/GJ,kg CO2-e/GJ,energy,1.0,1.0,7,True,
Unit,kg CO2-e/kWh,kg CO2-e/kWh,energy,1.0,0.0036,8,True,One kilowatt hour is 0.0036 GJ.
Unit,kg CO2-e per km,kg CO2-e per km,distance,1.0,1.0,9,True,
Unit,kg CO2-e per passenger km,kg CO2-e per passenger km,passenger-distance,1.0,1.0,10,True,
Unit,kg/USD,kg/USD,spend-USD,1.0,1.0,11,True,Denominated in the dollar year the publication states.
Unit,kg CO2-e per AUD,kg CO2-e per AUD,spend-AUD,1.0,1.0,12,True,What a spend factor becomes once converted on import.
Unit,t CO2-e per $1M AUD,t CO2-e per $1M AUD,spend-AUD,1000.0,1000000.0,13,True,"The capital bands, banded from the EPA factors."
Class,NGA,National Greenhouse Accounts,,,,1,true,Published by the Department.  Used as published.
Class,Spend-based,"Spend-based, US EPA",,,,2,true,"US EPA supply chain factors, and anything derived from them by a published conversion.  Used as published."
Class,Industry,Industry publication,,,,3,true,"A published factor from an industry body: worldsteel, AusLCI, AGO.  Used as published, whether it is one figure or a hundred."
Class,Internal,Our own research,,,,4,true,"A figure derived from our own research, standing on no authoritative source.  The only class that may be edited here."
