Supplier,Spend_AUD,Treatment,NAICS,Factor_kgCO2e_per_USD2022,tCO2e,Basis
"VIVA (FUEL) ENERGY AUST. P/L",72541445,ALREADY,—,0.000,0.0,"Diesel. Scope 1 and Category 3"
"SIMMCO QLD P/L",40191657,SERVICE-FUEL,213114,0.372,9404.4,"Earth moving equipment with operator"
"ORICA  AUST",34973338,ALREADY,—,0.000,0.0,"Explosives and cyanide. Already Category 1"
"NEUMANN CONTRACTORS P/L",23062961,SERVICE-FUEL,213114,0.372,5396.5,"Dredging"
"ROC-DRILL PTY LTD",21874763,SERVICE-FUEL,213114,0.372,5118.4,"Drilling"
"PENSAR PROJECT INFRASTRUCTURE",18054193,CAPITAL,237990,0.202,2293.9,"Project earthworks"
"CS ENERGY",14917071,ALREADY,—,0.000,0.0,"Electricity. Scope 2 and Category 3"
"HITACHI CONSTRUCTION MACHINERY",14390616,ALREADY,—,0.000,0.0,"Parts. Already Category 1"
"MOLY-COP",9695843,ALREADY,—,0.000,0.0,"Grinding media. Already Category 1"
"CATER CARE SERVICES P/L",8350423,SERVICE,722310,0.132,693.3,"Catering and camp services"
"NATIONAL PUMP & ENERGY PTY LTD",8050176,SERVICE-FUEL,213114,0.372,1883.6,"Power generation operator"
"RMS ENGINEERING & CONSTRUCTION",7248435,CAPITAL,237990,0.202,921.0,"TSF civils construction"
"HASTINGS DEERING (AUSTRALIA)",6506474,ALREADY,—,0.000,0.0,"Parts. Already Category 1"
"EMECO GROUP LTD",5333359,SERVICE,532412,0.106,355.6,"Heavy machinery rental"
"METSO AUSTRALIA P/L",5196741,SERVICE,811310,0.136,444.6,"Buckets and liners with equipment hire"
"NORTH QUEENSLAND HARDFACING",4709527,SERVICE,811310,0.136,402.9,"Equipment servicing offsite"
"WOODFIELDS ENGINEERING",4177345,ALREADY,—,0.000,0.0,"Roller drums and parts. Already Category 1"
"MINETEK PTY LTD",4080751,SERVICE,237990,0.202,518.5,"Water, ventilation and noise solutions"
"TOWNSVILLE CRANES",3948605,SERVICE,532412,0.106,263.3,"Crane hire, wet and dry"
"COREGAS PTY LTD",3668122,ALREADY,—,0.000,0.0,"Industrial gases. Already Category 1"
"FLSMIDTH PTY LTD",3492624,ALREADY,—,0.000,0.0,"Plant equipment and parts. Already Category 1"
"AQUA INFRA PTY LTD ATF THE AIQ",3054797,SERVICE,237110,0.221,424.6,"Pipeline contractor"
"VIVA ENERGY AUST. LTD-#1117240",2956130,ALREADY,—,0.000,0.0,"Oils and lubricants. Already Category 1"
"GENUITY RETAIL PTY LTD",2817310,ALREADY,—,0.000,0.0,"Electricity. Scope 2 and Category 3"
"CEMENT AUSTRALIA P/L",2729689,ALREADY,—,0.000,0.0,"Bulk cement. Already Category 1"
"DIAMOND DIESEL SERVICES P/L",2729433,SERVICE,811310,0.136,233.5,"Mechanics and diesel fitters"
"PENSKE AUSTRALIA PTY LTD",2649013,SERVICE,811310,0.136,226.6,"Mechanical repairs"
"HUDSON WELDING P/L",2469947,SERVICE,811310,0.136,211.3,"Fitters and welders"
"MAXITOOL MINING P/L",2392141,SERVICE-FUEL,213114,0.372,559.7,"Mining and dredging contract services"
"SHERRIFF ELECTRICAL P/L",2380571,ALREADY,—,0.000,0.0,"Electrical parts. Already Category 1"
"BRIDGESTONE MINING SOLN.  P/L",2358607,ALREADY,—,0.000,0.0,"Tyres. Already Category 1"
"BRADKEN RESOURCES PTY LTD",2344380,ALREADY,—,0.000,0.0,"Wear parts. Already Category 1"
"FENNER DUNLOP CONVEYOR SERVICE",2298066,SERVICE,811310,0.136,196.6,"Conveyor belts and service"
"WEIR MINERALS AUSTRALIA LTD",2187867,ALREADY,—,0.000,0.0,"Wear parts. Already Category 1"
"VINIDEX PTY LTD",2053226,ALREADY,—,0.000,0.0,"Pipe. Already Category 1"
"TEAM GLOBAL EXPRESS PTY LTD",2035247,FREIGHT,484121,0.595,761.7,"Courier and transport. Category 4"
"UNIVERSAL CRANES (NTH QLD) P/L",1998481,SERVICE,532412,0.106,133.2,"Crane hire"
"QUEENSLAND TREASURY",1916487,EXCLUDED,—,0.000,0.0,"Royalties and duties. No emission"
"ATC WILLIAMS PTY LTD",1855814,SERVICE,541330,0.103,120.2,"Engineering consultants"
"J. BLACKWOOD & SON PTY LTD",1707797,ALREADY,—,0.000,0.0,"Consumables. Already Category 1"
"CHARTERS TOWERS REG. COUNCIL",1696310,EXCLUDED,—,0.000,0.0,"Rates and council charges"
"CHRYSOS AU OPERATIONS PTY LTD",1562079,SERVICE,532412,0.106,104.2,"Photon assay rental"
"ELASTOMERS AUSTRALIA",1490381,ALREADY,—,0.000,0.0,"Rubber goods. Already Category 1"
"BURGESS LASER ALIGNING",1348557,SERVICE,811310,0.136,115.4,"Machinery alignment"
"DATACOM SYSTEMS (AU) P/L",1333873,SERVICE,541512,0.089,74.7,"Information technology"
"CDB MINING SERVICES",1303448,UNCLASSIFIED,—,0.000,0.0,"Not in the top-tier register"
"GEOFABRICS AUSTRALASIA PTY LTD",1209316,UNCLASSIFIED,—,0.000,0.0,"Geotextiles for dams/TSF"
"EMACS ELECTRIC MOTORS PTY LTD",1194245,UNCLASSIFIED,—,0.000,0.0,"Not in the top-tier register"
"FLEETCO RENTALS PTY LTD",1167505,UNCLASSIFIED,—,0.000,0.0,"Not in the top-tier register"
"MINTER ELLISON",1139008,UNCLASSIFIED,—,0.000,0.0,"Not in the top-tier register"
"LEICA GEOSYSTEMS PTY LTD",1130377,SERVICE,541512,0.089,63.3,"Survey systems"
"AUSTRALIAN CHEMICALS PTY LTD",1101596,UNCLASSIFIED,—,0.000,0.0,"Not in the top-tier register"
"KAL TIRE (AUSTRALIA) PTY LTD",1095770,SERVICE,811310,0.136,93.7,"Tyre maintenance and repair"
"SKIDS EARTHMOVING & DIESEL REP",1093363,UNCLASSIFIED,—,0.000,0.0,"Not in the top-tier register"
"PINNACLE HIRE QLD PTY LTD",1050550,UNCLASSIFIED,—,0.000,0.0,"Not in the top-tier register"
"BOWEN INDUSTRIAL HIRE P/L",957156,UNCLASSIFIED,—,0.000,0.0,"Not in the top-tier register"
"RESOURCES SAFETY & HEALTH QLD",944589,EXCLUDED,—,0.000,0.0,"Regulator fees. No emission"
"WORKCOVER QLD",926915,UNCLASSIFIED,—,0.000,0.0,"Not in the top-tier register"
"H-E PARTS INTERNATIONAL CRUSHI",913778,UNCLASSIFIED,—,0.000,0.0,"Not in the top-tier register"
"STATEWIDE BEARINGS",887694,UNCLASSIFIED,—,0.000,0.0,"Not in the top-tier register"
"ORIGIN ENERGY",886164,UNCLASSIFIED,—,0.000,0.0,"Not in the top-tier register"
"BCM FABRICATION PTY LTD",868280,UNCLASSIFIED,—,0.000,0.0,"Not in the top-tier register"
"CHRYSOS CORPORATION LIMITED",866823,SERVICE,532412,0.106,57.8,"Photon assay rental"
"JAYSEL ELEC. & INSTRUMENTATION",852539,UNCLASSIFIED,—,0.000,0.0,"Not in the top-tier register"
"HAYCARB HOLDINGS (AUST) PTY LT",830125,UNCLASSIFIED,—,0.000,0.0,"Not in the top-tier register"
"KING AND WOOD MALLESONS",827640,UNCLASSIFIED,—,0.000,0.0,"Not in the top-tier register"
"PIT MINING PTY LTD",823628,UNCLASSIFIED,—,0.000,0.0,"Not in the top-tier register"
"ARGO MAINT & CONSTRUCTION",775175,UNCLASSIFIED,—,0.000,0.0,"Not in the top-tier register"
"BRITRAC (AUS) P/L",757958,UNCLASSIFIED,—,0.000,0.0,"Not in the top-tier register"
"GPR CONTRACTORS PTY LTD",749565,UNCLASSIFIED,—,0.000,0.0,"Not in the top-tier register"
"MOTION AUSTRALIA PTY LTD",714249,UNCLASSIFIED,—,0.000,0.0,"Not in the top-tier register"
"HAYS SPECIALIST RECRUIT.  P/L",654475,UNCLASSIFIED,—,0.000,0.0,"Not in the top-tier register"
"COATES HIRE OPERATIONS PTY LTD",651342,UNCLASSIFIED,—,0.000,0.0,"Not in the top-tier register"
"ERGON ENERGY QUEENSLAND",631048,UNCLASSIFIED,—,0.000,0.0,"Not in the top-tier register"
"GDS (NQ) PTY LTD",609662,UNCLASSIFIED,—,0.000,0.0,"Not in the top-tier register"
"DESWIK MINING CONSULTANTS P/L",591118,UNCLASSIFIED,—,0.000,0.0,"Not in the top-tier register"
"DGH DESIGN & FABRICATION SERV",576489,UNCLASSIFIED,—,0.000,0.0,"Not in the top-tier register"
"MIKE CARNEY TOYOTA",575286,UNCLASSIFIED,—,0.000,0.0,"Not in the top-tier register"
"AXTER AUSTRALIA PTY LTD",572201,UNCLASSIFIED,—,0.000,0.0,"TSF liner"
"TOYOTA FLEET MANAGEMENT",568292,UNCLASSIFIED,—,0.000,0.0,"Not in the top-tier register"
"CUSTOM STEEL FAB PTY LTD",535728,UNCLASSIFIED,—,0.000,0.0,"Not in the top-tier register"
"MINPROVISE INTERNATIONAL P/L",531708,UNCLASSIFIED,—,0.000,0.0,"Not in the top-tier register"
"CHATFIELD ENTERPRISE P/L",528715,UNCLASSIFIED,—,0.000,0.0,"Not in the top-tier register"
"POWERTX PTY LTD",518564,CAPITAL,335313,0.153,49.9,"MCC built offsite"
"ERNST & YOUNG",502498,UNCLASSIFIED,—,0.000,0.0,"Not in the top-tier register"
"KJ'S MINING AND ENGINEERING",476826,UNCLASSIFIED,—,0.000,0.0,"Not in the top-tier register"
"JETT INDUSTRIAL SUPPLIES",458537,UNCLASSIFIED,—,0.000,0.0,"Not in the top-tier register"
"URETHANE MANUFACTURERS",458276,UNCLASSIFIED,—,0.000,0.0,"Not in the top-tier register"
"SNF (AUSTRALIA) P/L",451470,UNCLASSIFIED,—,0.000,0.0,"Not in the top-tier register"
"TRT (2021) PTY LIMITED",446197,UNCLASSIFIED,—,0.000,0.0,"Not in the top-tier register"
"AARC ENVIRONMENTAL SOLN. P/L",423227,UNCLASSIFIED,—,0.000,0.0,"Not in the top-tier register"
"DATAMINE AUSTRALIA PTY LTD",416655,UNCLASSIFIED,—,0.000,0.0,"Not in the top-tier register"
"VESUVIAN P/L T/A  AGILITUS QLD",413405,UNCLASSIFIED,—,0.000,0.0,"Not in the top-tier register"
"CAMM QUARRIES PTY LTD",398066,UNCLASSIFIED,—,0.000,0.0,"Not in the top-tier register"
"EAST WEST FIRE SERVICES",390543,UNCLASSIFIED,—,0.000,0.0,"Not in the top-tier register"
"CONSEP PTY LTD",367580,UNCLASSIFIED,—,0.000,0.0,"Not in the top-tier register"
"BOC GASES-LIQUID OXY 100348942",366728,UNCLASSIFIED,—,0.000,0.0,"Liquid oxygen and compressed gas"
"A & O ENGINEERING GROUP P/L",359852,UNCLASSIFIED,—,0.000,0.0,"Not in the top-tier register"
"ENZED CHARTERS TOWERS",358212,UNCLASSIFIED,—,0.000,0.0,"Not in the top-tier register"
"TROPICAL WASTE SERVICES P/L",345520,UNCLASSIFIED,—,0.000,0.0,"Not in the top-tier register"
"AUSTRALIAN  LABORATORY SERVI",338164,UNCLASSIFIED,—,0.000,0.0,"Not in the top-tier register"
"FLOWTECH SOLUTIONS AUSTRALIA",334050,UNCLASSIFIED,—,0.000,0.0,"Not in the top-tier register"
"PROFESSIONAL PUMP SERVICES & I",329244,UNCLASSIFIED,—,0.000,0.0,"Not in the top-tier register"
"M.WATERS ABRASIVE BLASTING SVC",328334,UNCLASSIFIED,—,0.000,0.0,"Not in the top-tier register"
"GLOBAL WATER GROUP P/L",320942,UNCLASSIFIED,—,0.000,0.0,"Not in the top-tier register"
"STANMORE RESOURCES LIMITED",320856,UNCLASSIFIED,—,0.000,0.0,"Not in the top-tier register"
"DEPT OF ENVIRONMENT & SCIENCE",320601,UNCLASSIFIED,—,0.000,0.0,"Not in the top-tier register"
"ZENEX DRILLING LIMITED",318727,UNCLASSIFIED,—,0.000,0.0,"Not in the top-tier register"
"ENVIRONMENTAL CONTROL SYSTEMS",316210,UNCLASSIFIED,—,0.000,0.0,"Not in the top-tier register"
"CYBER CLOUD CONSULTING P/L",315468,UNCLASSIFIED,—,0.000,0.0,"Not in the top-tier register"
"JOBLIN PARTNERS PTY LTD",302356,UNCLASSIFIED,—,0.000,0.0,"Not in the top-tier register"
"SHARK CONSTRUCTIONS &",300994,UNCLASSIFIED,—,0.000,0.0,"Not in the top-tier register"
"DO NOT USE - SEE BOW002",295312,UNCLASSIFIED,—,0.000,0.0,"Not in the top-tier register"
"W T TITLEY & CO",290746,UNCLASSIFIED,—,0.000,0.0,"Not in the top-tier register"
"COOPER FLUID SYSTEMS PTY LTD",283743,UNCLASSIFIED,—,0.000,0.0,"Not in the top-tier register"
"POWERLINES PLUS (QLD) PTY LTD",279651,UNCLASSIFIED,—,0.000,0.0,"Not in the top-tier register"
"FINLAY SCREENING & CRUSHING SY",277009,UNCLASSIFIED,—,0.000,0.0,"Not in the top-tier register"
"GALLIVANTER TRAVEL CORPORATE",266927,UNCLASSIFIED,—,0.000,0.0,"Not in the top-tier register"
"GLOBAL HIRE AND SERVICE",266482,UNCLASSIFIED,—,0.000,0.0,"Not in the top-tier register"
"KNIGHT FRANK AUSTRALIA P/L",262405,UNCLASSIFIED,—,0.000,0.0,"Not in the top-tier register"
"GAP GEOPHYSICS AUSTRALIA",261346,UNCLASSIFIED,—,0.000,0.0,"Not in the top-tier register"
"AUTOLINE PTY LTD",259618,UNCLASSIFIED,—,0.000,0.0,"Not in the top-tier register"
"AM NETWORK PTY LTD",257617,UNCLASSIFIED,—,0.000,0.0,"Not in the top-tier register"
"PSM MINING AUST P/L",250691,UNCLASSIFIED,—,0.000,0.0,"Not in the top-tier register"
"EAGLE DRILLING NQ P/L",249897,SERVICE-FUEL,213114,0.372,58.5,"Exploration drilling"
"AON RISK SERVICES AUST. LTD",244845,UNCLASSIFIED,—,0.000,0.0,"Not in the top-tier register"
"DEPARTMENT OF RESOURCES",241955,UNCLASSIFIED,—,0.000,0.0,"Not in the top-tier register"
"TRANSMIN PTY LTD",241465,UNCLASSIFIED,—,0.000,0.0,"Not in the top-tier register"
"DM PROPERTY (QLD) PTY LTD",234119,UNCLASSIFIED,—,0.000,0.0,"Not in the top-tier register"
"DELL AUSTRALIA P/L",232264,UNCLASSIFIED,—,0.000,0.0,"Not in the top-tier register"
"TOWNSVILLE & SUBURBAN MEDICAL",227409,UNCLASSIFIED,—,0.000,0.0,"Not in the top-tier register"
"PERTH MINT REFINERY",225693,UNCLASSIFIED,—,0.000,0.0,"Not in the top-tier register"
"SCOPE SYSTEMS PTY LTD",223612,UNCLASSIFIED,—,0.000,0.0,"Not in the top-tier register"
"FIELD SOLUTIONS GROUP P/L",217923,UNCLASSIFIED,—,0.000,0.0,"Not in the top-tier register"
"NEWMANS REWINDING",217323,UNCLASSIFIED,—,0.000,0.0,"Not in the top-tier register"
"T&T MINING SERVICES PTY LTD",216935,UNCLASSIFIED,—,0.000,0.0,"Not in the top-tier register"
"LOSUGEN PTY LTD",216765,UNCLASSIFIED,—,0.000,0.0,"Not in the top-tier register"
"PACIFIC RIM TECH SERVICES P/L",214794,UNCLASSIFIED,—,0.000,0.0,"Not in the top-tier register"
"HOLLIMANS RURAL MITRE 10",212583,UNCLASSIFIED,—,0.000,0.0,"Not in the top-tier register"
"FUCHS LUBRICANTS (AUSTRALASIA)",211005,UNCLASSIFIED,—,0.000,0.0,"Not in the top-tier register"
"RCD INVESTMENTS PTY LTD",204742,UNCLASSIFIED,—,0.000,0.0,"Not in the top-tier register"
"BOC GASES-MINOR CON 100345568",202475,UNCLASSIFIED,—,0.000,0.0,"Not in the top-tier register"
"AUSDRAULICS",202178,UNCLASSIFIED,—,0.000,0.0,"Not in the top-tier register"
"NEPHIN P/L T/AS THRIFTY",198100,UNCLASSIFIED,—,0.000,0.0,"Not in the top-tier register"
"AGGREKO GENERATOR RENTALS",189239,UNCLASSIFIED,—,0.000,0.0,"Not in the top-tier register"
"TURNERS ENGINEERING",188787,UNCLASSIFIED,—,0.000,0.0,"Not in the top-tier register"
"MARUBENI EQUIPMENT FINANCE P/L",187901,UNCLASSIFIED,—,0.000,0.0,"Not in the top-tier register"
"MILLS OAKLEY",186002,UNCLASSIFIED,—,0.000,0.0,"Not in the top-tier register"
"ROUNDEL CIVIL PRODUCTS P/L",185918,UNCLASSIFIED,—,0.000,0.0,"Not in the top-tier register"
"DISTINCTION SOLUTIONS",182750,UNCLASSIFIED,—,0.000,0.0,"Not in the top-tier register"
"ASHURST AUSTRALIA",182596,UNCLASSIFIED,—,0.000,0.0,"Not in the top-tier register"
"AM&KA LAWSON T/AS AML REPAIRS",180840,UNCLASSIFIED,—,0.000,0.0,"Not in the top-tier register"
"BA EQUIPMENT GROUP PTY LTD",179322,UNCLASSIFIED,—,0.000,0.0,"Not in the top-tier register"
"IJKFLOW CONSULTING P/L",170116,UNCLASSIFIED,—,0.000,0.0,"Not in the top-tier register"
"EMERSON AUTOMATION SOLUTIONS",169000,UNCLASSIFIED,—,0.000,0.0,"Not in the top-tier register"
"BEHRE DOLBEAR AUSTRALIA P/L",168596,UNCLASSIFIED,—,0.000,0.0,"Not in the top-tier register"
"GLOBAL WELDING SUPPLIES",167800,UNCLASSIFIED,—,0.000,0.0,"Not in the top-tier register"
"DELLE BAITE GROUP P/L",165209,UNCLASSIFIED,—,0.000,0.0,"Not in the top-tier register"
"AIRCOOL ELECTRICAL",164829,UNCLASSIFIED,—,0.000,0.0,"Not in the top-tier register"
"DYNAMICS G-EX",158637,UNCLASSIFIED,—,0.000,0.0,"Not in the top-tier register"
"CSTHIRE",158472,UNCLASSIFIED,—,0.000,0.0,"Not in the top-tier register"
"KPMG",156820,UNCLASSIFIED,—,0.000,0.0,"Not in the top-tier register"
"BT FLEET SERVICES P/L",151103,UNCLASSIFIED,—,0.000,0.0,"Not in the top-tier register"
"PATHTECH P/L",150869,UNCLASSIFIED,—,0.000,0.0,"Not in the top-tier register"
"CARVOLTH FAMILY TRUST T/A  AUD",144907,UNCLASSIFIED,—,0.000,0.0,"Not in the top-tier register"
"EMPLOYMENT HERO PTY LTD",143523,UNCLASSIFIED,—,0.000,0.0,"Not in the top-tier register"
"RUSSELL MINERAL EQUIPMENT",141937,UNCLASSIFIED,—,0.000,0.0,"Not in the top-tier register"
"EDGE ENERGY SERVICES P/L",141482,UNCLASSIFIED,—,0.000,0.0,"Not in the top-tier register"
"TOWNSVILLE FAMILY MEDICAL CTR",140712,UNCLASSIFIED,—,0.000,0.0,"Not in the top-tier register"
"COREFLEET",136628,UNCLASSIFIED,—,0.000,0.0,"Not in the top-tier register"
"SCHNEIDER ELECTRIC (AUST) P/L",136289,UNCLASSIFIED,—,0.000,0.0,"Not in the top-tier register"
"TERRECOM PTY LTD",136142,UNCLASSIFIED,—,0.000,0.0,"Not in the top-tier register"
"PHOENIX OCCUPATIONAL MEDICINE",133670,UNCLASSIFIED,—,0.000,0.0,"Not in the top-tier register"
"ELLSLEY METAL RECYCLING",133528,UNCLASSIFIED,—,0.000,0.0,"Not in the top-tier register"
"MAXITOOL AUSTRALIA P/L",129175,UNCLASSIFIED,—,0.000,0.0,"Not in the top-tier register"
"AUSTRALIAN SPECIALISED MACHINE",127464,UNCLASSIFIED,—,0.000,0.0,"Not in the top-tier register"
"NEPEAN CONVEYORS PTY LTD",126100,UNCLASSIFIED,—,0.000,0.0,"Not in the top-tier register"
"YERING CONSULTING SERVICES P/L",125000,UNCLASSIFIED,—,0.000,0.0,"Not in the top-tier register"
"HOPGOOD GANIM LAWYERS",123862,UNCLASSIFIED,—,0.000,0.0,"Not in the top-tier register"
"PR POLYMERS PTY LTD",123196,UNCLASSIFIED,—,0.000,0.0,"Not in the top-tier register"
"MCNEE ON-SITE MACHINING P/L",122553,UNCLASSIFIED,—,0.000,0.0,"Not in the top-tier register"
"RICOM ELECTRONICS PTY LTD",120147,UNCLASSIFIED,—,0.000,0.0,"Not in the top-tier register"
"CUTTING EDGES EQUIPMENT PARTS",119068,UNCLASSIFIED,—,0.000,0.0,"Not in the top-tier register"
"CUMMINS SOUTH PACIFIC P/L",117330,UNCLASSIFIED,—,0.000,0.0,"Not in the top-tier register"
"AMC CONSULTANTS PTY LTD",114823,UNCLASSIFIED,—,0.000,0.0,"Not in the top-tier register"
"ADAPTALIFT GROUP PTY LTD",114120,UNCLASSIFIED,—,0.000,0.0,"Not in the top-tier register"
"CONTROL SYSTEMS TECHNOLOGY P/L",112072,UNCLASSIFIED,—,0.000,0.0,"Not in the top-tier register"
"WORKPAC HEALTH & SOCIAL CARE",111473,UNCLASSIFIED,—,0.000,0.0,"Not in the top-tier register"
"NORTH QUEENSLAND THERAPY SERVI",111169,UNCLASSIFIED,—,0.000,0.0,"Not in the top-tier register"
"VMS AUSTRALIA P/L",111128,UNCLASSIFIED,—,0.000,0.0,"Not in the top-tier register"
"GPC ASIA PACIFIC PTY LTD",110148,UNCLASSIFIED,—,0.000,0.0,"Not in the top-tier register"
"VULCAN STEEL (AUSTRALIA)",110089,UNCLASSIFIED,—,0.000,0.0,"Not in the top-tier register"
"DO NOT USE - SEE BUR011AUD",109745,UNCLASSIFIED,—,0.000,0.0,"Not in the top-tier register"
"ENGINEERING TRADES AUSTRALIA",108998,UNCLASSIFIED,—,0.000,0.0,"Not in the top-tier register"
"HARRIS' AUTO ELECTRICAL SERVIC",108978,UNCLASSIFIED,—,0.000,0.0,"Not in the top-tier register"
"ON Q COMMUNICATIONS",108960,UNCLASSIFIED,—,0.000,0.0,"Not in the top-tier register"
"MINING WEAR PARTS PTY LTD",107745,UNCLASSIFIED,—,0.000,0.0,"Not in the top-tier register"
"MTI GROUP P/L",107247,UNCLASSIFIED,—,0.000,0.0,"Not in the top-tier register"
"THE GOOD GUYS DISCOUNT WAREHOU",104436,UNCLASSIFIED,—,0.000,0.0,"Not in the top-tier register"
"HITACHI GLOBAL AIR POWER AUST",102636,UNCLASSIFIED,—,0.000,0.0,"Not in the top-tier register"
"TEXCEL PTY LTD",102150,UNCLASSIFIED,—,0.000,0.0,"Not in the top-tier register"
"INTERTEK GENALYSIS",101511,UNCLASSIFIED,—,0.000,0.0,"Not in the top-tier register"
"EILBECK CRANES",99817,UNCLASSIFIED,—,0.000,0.0,"Not in the top-tier register"
"BULLIVANTS PTY LTD",98750,UNCLASSIFIED,—,0.000,0.0,"Not in the top-tier register"
"XYLEM WATER SOLUTIONS AUST.LTD",98000,UNCLASSIFIED,—,0.000,0.0,"Not in the top-tier register"
"RIMEX WHEEL PTY LTD",97163,UNCLASSIFIED,—,0.000,0.0,"Not in the top-tier register"
"THE PEOPLE & CULTURE LINK",96462,UNCLASSIFIED,—,0.000,0.0,"Not in the top-tier register"
"LUNG SCREEN AUSTRALIA P/L",96431,UNCLASSIFIED,—,0.000,0.0,"Not in the top-tier register"
"ABSCAN BUILDING CONSULTANTS",95550,UNCLASSIFIED,—,0.000,0.0,"Not in the top-tier register"
"CHATHAM FINANCIAL PTY LTD",94675,UNCLASSIFIED,—,0.000,0.0,"Not in the top-tier register"
"HAMILTON PRINTERS",93386,UNCLASSIFIED,—,0.000,0.0,"Not in the top-tier register"
"TOTAL FIRE SOLUTIONS P/L",93371,UNCLASSIFIED,—,0.000,0.0,"Not in the top-tier register"
"BUS 4X4 HIRE PTY LTD",90816,UNCLASSIFIED,—,0.000,0.0,"Not in the top-tier register"
"REECE PTY LTD",90034,UNCLASSIFIED,—,0.000,0.0,"Not in the top-tier register"
"BLYTH ASSET MANAGEMENT P/L",90000,UNCLASSIFIED,—,0.000,0.0,"Not in the top-tier register"
"CASTROL AUSTRALIA",87508,UNCLASSIFIED,—,0.000,0.0,"Not in the top-tier register"
"LUCIDITY SOFTWARE PTY LTD",87326,UNCLASSIFIED,—,0.000,0.0,"Not in the top-tier register"
"GCG HEALTH SAFETY & HYGIENE",87019,UNCLASSIFIED,—,0.000,0.0,"Not in the top-tier register"
"BODYFIX PHYSIOTHERAPY& MASSAGE",86605,UNCLASSIFIED,—,0.000,0.0,"Not in the top-tier register"
"CRANSTON AUTO ELECTRICS",84728,UNCLASSIFIED,—,0.000,0.0,"Not in the top-tier register"
"ALLOYTECH FABRICATION PTY LTD",84461,UNCLASSIFIED,—,0.000,0.0,"Not in the top-tier register"
"NQ RESOURCE RECOVERY",82997,UNCLASSIFIED,—,0.000,0.0,"Not in the top-tier register"
"CUMI (AUSTRALIA) PTY LTD",81457,UNCLASSIFIED,—,0.000,0.0,"Not in the top-tier register"
"HARBOUR ROAD MEDICAL",81371,UNCLASSIFIED,—,0.000,0.0,"Not in the top-tier register"
"AIR-MET SCIENTIFIC PTY LTD",81287,UNCLASSIFIED,—,0.000,0.0,"Not in the top-tier register"
"AMPCONTROL (NSW) P/L",80121,UNCLASSIFIED,—,0.000,0.0,"Not in the top-tier register"
"KEMIX AUSTRALIA P/L",79712,UNCLASSIFIED,—,0.000,0.0,"Not in the top-tier register"
"ROWE SCIENTIFIC P/L",77567,UNCLASSIFIED,—,0.000,0.0,"Not in the top-tier register"
"WREN HEAVY HAULAGE",77295,UNCLASSIFIED,—,0.000,0.0,"Not in the top-tier register"
"PDS CONDITION MONITORING SERV",76815,UNCLASSIFIED,—,0.000,0.0,"Not in the top-tier register"
"MICROMINE AUSTRALIA P/L",76260,UNCLASSIFIED,—,0.000,0.0,"Not in the top-tier register"
"QD CONSULTING PTY LTD",75949,UNCLASSIFIED,—,0.000,0.0,"Not in the top-tier register"
"CULTURAL HERITAGE SOLUTIONS",74754,UNCLASSIFIED,—,0.000,0.0,"Not in the top-tier register"
"MIDWAY METALS PTY LTD",74563,UNCLASSIFIED,—,0.000,0.0,"Not in the top-tier register"
"ADRIAN BRITTON ASSET REL. P/L",73496,UNCLASSIFIED,—,0.000,0.0,"Not in the top-tier register"
"STELLAR RECRUITMENT P/L",73128,UNCLASSIFIED,—,0.000,0.0,"Not in the top-tier register"
"SPRING CLOUD TECH PTY LTD",72400,UNCLASSIFIED,—,0.000,0.0,"Not in the top-tier register"
"WASTE WATER WORKS",72092,UNCLASSIFIED,—,0.000,0.0,"Not in the top-tier register"
"NEPEAN RUBBER + PLASTICS",71940,UNCLASSIFIED,—,0.000,0.0,"Not in the top-tier register"
"IRON MOUNTAIN AUST. GROUP P/L",71669,UNCLASSIFIED,—,0.000,0.0,"Not in the top-tier register"
"MAXWELL GEOSERVICES PTY LTD",71290,UNCLASSIFIED,—,0.000,0.0,"Not in the top-tier register"
"RUSWIN LOCKSMITH & SECURITY",71012,UNCLASSIFIED,—,0.000,0.0,"Not in the top-tier register"
"CSF INDUSTRIES PTY LTD",70954,UNCLASSIFIED,—,0.000,0.0,"Not in the top-tier register"
"ELLAPACK PTY LTD",70818,UNCLASSIFIED,—,0.000,0.0,"Not in the top-tier register"
"FENNER DUNLOP AUSTRALIA P/L",69741,UNCLASSIFIED,—,0.000,0.0,"Not in the top-tier register"
"TORC TIGHT QLD P/L",69412,UNCLASSIFIED,—,0.000,0.0,"Not in the top-tier register"
"BRIDGESTONE SELECT GARBUTT",68182,UNCLASSIFIED,—,0.000,0.0,"Not in the top-tier register"
"COPIERS EXCELLANCE PTY LTD",67288,UNCLASSIFIED,—,0.000,0.0,"Not in the top-tier register"
"AP ME BARR PTY LTD",65965,UNCLASSIFIED,—,0.000,0.0,"Not in the top-tier register"
"CARTER NEWELL LAWYERS",64436,UNCLASSIFIED,—,0.000,0.0,"Not in the top-tier register"
"CORPORATE TYRE SOLUTIONS",64339,UNCLASSIFIED,—,0.000,0.0,"Not in the top-tier register"
"AUSTRALIAN DIVERSIFIED ENGIN.",63951,UNCLASSIFIED,—,0.000,0.0,"Not in the top-tier register"
"ISIR SEATS MACKAY",63196,UNCLASSIFIED,—,0.000,0.0,"Not in the top-tier register"
"WATER TREATMENT SERVICES PTY L",62998,UNCLASSIFIED,—,0.000,0.0,"Not in the top-tier register"
"RP INFRASTRUCTURE PTY LTD",62978,UNCLASSIFIED,—,0.000,0.0,"Not in the top-tier register"
"PJAM TRADING PTY LTD",62554,UNCLASSIFIED,—,0.000,0.0,"Not in the top-tier register"
"DAVID & FAITH MARTIN",61510,UNCLASSIFIED,—,0.000,0.0,"Not in the top-tier register"
"AMALGAMATED PEST CONTROL",60769,UNCLASSIFIED,—,0.000,0.0,"Not in the top-tier register"
"MARSH PTY LTD",60678,UNCLASSIFIED,—,0.000,0.0,"Not in the top-tier register"
"EMF SERVICES PTY LTD",58658,UNCLASSIFIED,—,0.000,0.0,"Not in the top-tier register"
"ALLIANCE SAFETY EQUIPMENT",58373,UNCLASSIFIED,—,0.000,0.0,"Not in the top-tier register"
"DAWSONS ENGINEERING NQ",58042,UNCLASSIFIED,—,0.000,0.0,"Not in the top-tier register"
"FUELFIX P/L",57057,UNCLASSIFIED,—,0.000,0.0,"Not in the top-tier register"
"BFP TOWNSVILLE",56882,UNCLASSIFIED,—,0.000,0.0,"Not in the top-tier register"
"GREAT NORTHERN PLUMBING SER",56088,UNCLASSIFIED,—,0.000,0.0,"Not in the top-tier register"
"M-TEST (MACKAY) PTY LTD",55966,UNCLASSIFIED,—,0.000,0.0,"Not in the top-tier register"
"CR KENNEDY & COMPANY PTY LTD",55894,UNCLASSIFIED,—,0.000,0.0,"Not in the top-tier register"
"FAMILY DOCTORS PLUS",55380,UNCLASSIFIED,—,0.000,0.0,"Not in the top-tier register"
"FLEXIHIRE PTY LTD",55155,UNCLASSIFIED,—,0.000,0.0,"Not in the top-tier register"
"WINC AUSTRALIA PTY LTD",55070,UNCLASSIFIED,—,0.000,0.0,"Not in the top-tier register"
"RD WILLIAMS EXCAVATOR PARTS PL",54351,UNCLASSIFIED,—,0.000,0.0,"Not in the top-tier register"
"GOLD CITY MINI BINS",54080,UNCLASSIFIED,—,0.000,0.0,"Not in the top-tier register"
"NUTAVA PTY LTD",54000,UNCLASSIFIED,—,0.000,0.0,"Not in the top-tier register"
"WORKSAFE CONNECT",53800,UNCLASSIFIED,—,0.000,0.0,"Not in the top-tier register"
"RAMESYS GLOBAL",52904,UNCLASSIFIED,—,0.000,0.0,"Not in the top-tier register"
"ADT SECURITY",52893,UNCLASSIFIED,—,0.000,0.0,"Not in the top-tier register"
"FILQUIP PTY LIMITED",52250,UNCLASSIFIED,—,0.000,0.0,"Not in the top-tier register"
"INDUSTRIAL PRECISION INSTRUMEN",52185,UNCLASSIFIED,—,0.000,0.0,"Not in the top-tier register"
"AUSPRESS SYSTEMS PTY LTD",52101,UNCLASSIFIED,—,0.000,0.0,"Not in the top-tier register"
"KIMBAH INDUSTRIAL PTY LTD",52041,UNCLASSIFIED,—,0.000,0.0,"Not in the top-tier register"
"AGE CONSULTANTS",51618,UNCLASSIFIED,—,0.000,0.0,"Not in the top-tier register"
"INFO-TECH RESEARCH GROUP P/L",51500,UNCLASSIFIED,—,0.000,0.0,"Not in the top-tier register"
"DREGHORN CATTLE CO",51200,UNCLASSIFIED,—,0.000,0.0,"Not in the top-tier register"
"SUPERIOR MINE MAINTENANCE",48993,UNCLASSIFIED,—,0.000,0.0,"Not in the top-tier register"
"GLAS",48963,UNCLASSIFIED,—,0.000,0.0,"Not in the top-tier register"
"TALISMAN EDGE PTY LTD",48621,UNCLASSIFIED,—,0.000,0.0,"Not in the top-tier register"
"KELAIR PUMPS AUSTRALIA PTY LTD",47894,UNCLASSIFIED,—,0.000,0.0,"Not in the top-tier register"
"TELSTRA CORP. LTD",47567,UNCLASSIFIED,—,0.000,0.0,"Not in the top-tier register"
"TYRE DOCTOR TRADING PTY LTD",47497,UNCLASSIFIED,—,0.000,0.0,"Not in the top-tier register"
"ASSOC. OF MINING & EXPL. CO.",47400,UNCLASSIFIED,—,0.000,0.0,"Not in the top-tier register"
"BSC GLOBAL AUSTRALIA PTY LTD",46490,UNCLASSIFIED,—,0.000,0.0,"Not in the top-tier register"
"QLD GOV OFFICE OF STATE REV.",46399,EXCLUDED,—,0.000,0.0,"State revenue. No emission"
"EFTSURE PTY LTD",46365,UNCLASSIFIED,—,0.000,0.0,"Not in the top-tier register"
"ATLAS COPCO COMPRESSORS",46162,UNCLASSIFIED,—,0.000,0.0,"Not in the top-tier register"
"MCCATHIE'S FURNITURE PLUS",46131,UNCLASSIFIED,—,0.000,0.0,"Not in the top-tier register"
"PRODUCTIVITY DEVELOPMENT SOLUT",44650,UNCLASSIFIED,—,0.000,0.0,"Not in the top-tier register"
"PTH GLOBAL PTY LTD",44320,UNCLASSIFIED,—,0.000,0.0,"Not in the top-tier register"
"KERAMOS PTY LTD",44190,UNCLASSIFIED,—,0.000,0.0,"Not in the top-tier register"
"FOWLEREX TECHNOLOGIES PTY LTD",44000,UNCLASSIFIED,—,0.000,0.0,"Not in the top-tier register"
"TRI AUSTRALASIA PTY LTD",43926,UNCLASSIFIED,—,0.000,0.0,"Not in the top-tier register"
"PREMIER CONVEYOR SOLUTIONS",43636,UNCLASSIFIED,—,0.000,0.0,"Not in the top-tier register"
"GENELITE PTY LTD",43584,UNCLASSIFIED,—,0.000,0.0,"Not in the top-tier register"
"SYNTECHTRON P/L",41932,UNCLASSIFIED,—,0.000,0.0,"Not in the top-tier register"
"NUNNIE BURRA LTD",41445,UNCLASSIFIED,—,0.000,0.0,"Not in the top-tier register"
"STEEL SUPPLIES CHARTERS TOWERS",41439,UNCLASSIFIED,—,0.000,0.0,"Not in the top-tier register"
"DJB TOWING",40638,UNCLASSIFIED,—,0.000,0.0,"Not in the top-tier register"
"JAMES COOK UNIVERSITY",40449,UNCLASSIFIED,—,0.000,0.0,"Not in the top-tier register"
"ALIDADE SERVICES PTY LTD",40338,UNCLASSIFIED,—,0.000,0.0,"Not in the top-tier register"
"BLUESCOPE DISTRIBUTION",40262,UNCLASSIFIED,—,0.000,0.0,"Not in the top-tier register"
"INDCO PTY LTD",39835,UNCLASSIFIED,—,0.000,0.0,"Not in the top-tier register"
"SOUTHERIN CROSS INDUSTRIAL",39328,UNCLASSIFIED,—,0.000,0.0,"Not in the top-tier register"
"ACOR CONSULTANTS PTY LTD",38600,UNCLASSIFIED,—,0.000,0.0,"Not in the top-tier register"
"BOSTON RESOURCING P/L",38340,UNCLASSIFIED,—,0.000,0.0,"Not in the top-tier register"
"JAQUES AUSTRALIA",38280,UNCLASSIFIED,—,0.000,0.0,"Not in the top-tier register"
"APPLIED INDUSTRIAL TECH P/L",38236,UNCLASSIFIED,—,0.000,0.0,"Not in the top-tier register"
"ENDRESS+HAUSER AUSTRALIA PL",37746,UNCLASSIFIED,—,0.000,0.0,"Not in the top-tier register"
"CHRIS IVES SIGNS",37544,UNCLASSIFIED,—,0.000,0.0,"Not in the top-tier register"
"STEINERT AUSTRALIA PTY LTD",37010,UNCLASSIFIED,—,0.000,0.0,"Not in the top-tier register"
"TOWNSVILLE AIRLESS & PRESSURE",35824,UNCLASSIFIED,—,0.000,0.0,"Not in the top-tier register"
"ALL-RIG LIFTING & ENGINEERING",35650,UNCLASSIFIED,—,0.000,0.0,"Not in the top-tier register"
"NATIONAL PLASTICS & RUBBER",35535,UNCLASSIFIED,—,0.000,0.0,"Not in the top-tier register"
"ENGENY AUSTRALIA PTY LTD",35500,UNCLASSIFIED,—,0.000,0.0,"Not in the top-tier register"
"NI (TOWNSVILLE) PTY LTD",35200,UNCLASSIFIED,—,0.000,0.0,"Not in the top-tier register"
"DRIVELINE SERVICES AUST. P/L",35059,UNCLASSIFIED,—,0.000,0.0,"Not in the top-tier register"
"5ACCEL PTY LTD",34931,UNCLASSIFIED,—,0.000,0.0,"Not in the top-tier register"
"BOLTMASTERS",34793,UNCLASSIFIED,—,0.000,0.0,"Not in the top-tier register"
"SOVTECH PTY LTD",34504,UNCLASSIFIED,—,0.000,0.0,"Not in the top-tier register"
"ALLSHELTER PTY LTD",34280,UNCLASSIFIED,—,0.000,0.0,"Not in the top-tier register"
"NEXTDC LIMITED",34108,UNCLASSIFIED,—,0.000,0.0,"Not in the top-tier register"
"ALAN ANDREWS",34000,UNCLASSIFIED,—,0.000,0.0,"Not in the top-tier register"
"JENAGAR PTY LTD",33469,UNCLASSIFIED,—,0.000,0.0,"Not in the top-tier register"
"ORESOME PRODUCTS PTH LTD",32095,UNCLASSIFIED,—,0.000,0.0,"Not in the top-tier register"
"KEYFLO PACIFIC P/L",32068,UNCLASSIFIED,—,0.000,0.0,"Not in the top-tier register"
"SEAM SURVEYS PTY LTD",31600,UNCLASSIFIED,—,0.000,0.0,"Not in the top-tier register"
"TRINITY CONSULTANTS AUSTRALIA",30925,UNCLASSIFIED,—,0.000,0.0,"Not in the top-tier register"
"GHD PTY LTD",30671,UNCLASSIFIED,—,0.000,0.0,"Not in the top-tier register"
"GEKKO SYSTEMS PTY LTD",30622,UNCLASSIFIED,—,0.000,0.0,"Not in the top-tier register"
"CQMS RAZER PTY",30548,UNCLASSIFIED,—,0.000,0.0,"Not in the top-tier register"
"RAPID7 INTERNATIONAL LTD",30280,UNCLASSIFIED,—,0.000,0.0,"Not in the top-tier register"
"WULGURU UNITED  FOOTBALL CLUB",30000,UNCLASSIFIED,—,0.000,0.0,"Not in the top-tier register"
"ASAP QLD P/L",29865,UNCLASSIFIED,—,0.000,0.0,"Not in the top-tier register"
"CLEVELAND BAY CHEMICAL COMPANY",29732,UNCLASSIFIED,—,0.000,0.0,"Not in the top-tier register"
"UNITED RENTALS COMPANY",29292,UNCLASSIFIED,—,0.000,0.0,"Not in the top-tier register"
"PRO-DRAULICS",29205,UNCLASSIFIED,—,0.000,0.0,"Not in the top-tier register"
"AUSCO MODULAR PTY LTD",28814,UNCLASSIFIED,—,0.000,0.0,"Not in the top-tier register"
"MULTOTEC PTY LTD",28448,UNCLASSIFIED,—,0.000,0.0,"Not in the top-tier register"
"ALFA LAVAL AUSTRALIA P/L",27998,UNCLASSIFIED,—,0.000,0.0,"Not in the top-tier register"
"BENTLEY SYSTEMS INTERNATIONAL",27960,UNCLASSIFIED,—,0.000,0.0,"Not in the top-tier register"
"TONKIN STEEL P/L",27955,UNCLASSIFIED,—,0.000,0.0,"Not in the top-tier register"
"JTS TRANSPORT AUSTRALIA",27581,UNCLASSIFIED,—,0.000,0.0,"Not in the top-tier register"
"BEAVER PROCESS EQUIPMENT OPERA",27152,UNCLASSIFIED,—,0.000,0.0,"Not in the top-tier register"
"SPX FLOW TECHNOLOGY",26990,UNCLASSIFIED,—,0.000,0.0,"Not in the top-tier register"
"7 DAY HIRE CONTRACTING PTY LTD",26712,UNCLASSIFIED,—,0.000,0.0,"Not in the top-tier register"
"BURDEKIN COMMUNICATIONS",26581,UNCLASSIFIED,—,0.000,0.0,"Not in the top-tier register"
"CTL MEDICAL SERVICES",26189,UNCLASSIFIED,—,0.000,0.0,"Not in the top-tier register"
"MATES IN MINING",25740,UNCLASSIFIED,—,0.000,0.0,"Not in the top-tier register"
"REDMAP PTY LTD",25412,UNCLASSIFIED,—,0.000,0.0,"Not in the top-tier register"
"SEEK LIMITED",25229,UNCLASSIFIED,—,0.000,0.0,"Not in the top-tier register"
"FORKS 4 U PTY LTD",24738,UNCLASSIFIED,—,0.000,0.0,"Not in the top-tier register"
"NORTHERN PATHOLOGY TOWNSVILLE",24579,UNCLASSIFIED,—,0.000,0.0,"Not in the top-tier register"
"SAFETY WISE SOLUTIONS PTY LTD",24501,UNCLASSIFIED,—,0.000,0.0,"Not in the top-tier register"
"APEX ENVIROCARE",24500,UNCLASSIFIED,—,0.000,0.0,"Not in the top-tier register"
"LIQUIP SALES NQ",24390,UNCLASSIFIED,—,0.000,0.0,"Not in the top-tier register"
"PWS HUNT BOILERS",24271,UNCLASSIFIED,—,0.000,0.0,"Not in the top-tier register"
"MM ELECTRICAL MERCHANDISING",24253,UNCLASSIFIED,—,0.000,0.0,"Not in the top-tier register"
"ONSITE TRAINING AUSTRALIA",24050,UNCLASSIFIED,—,0.000,0.0,"Not in the top-tier register"
"MIRA GEOSCIENCE ASIA PACIFIC",24009,UNCLASSIFIED,—,0.000,0.0,"Not in the top-tier register"
"RCR MINING TECHNOLOGIES PL",23844,UNCLASSIFIED,—,0.000,0.0,"Not in the top-tier register"
"POLO CITRUS AUSTRALIA PTY LTD",23780,UNCLASSIFIED,—,0.000,0.0,"Not in the top-tier register"
"FROMBLE CORP PTY LTD",23709,UNCLASSIFIED,—,0.000,0.0,"Not in the top-tier register"
"HETHERINGTON EXP&MINING P/L",23284,UNCLASSIFIED,—,0.000,0.0,"Not in the top-tier register"
"PROCESS ANALYTICAL SYSTEMS PL",22881,UNCLASSIFIED,—,0.000,0.0,"Not in the top-tier register"
"TWOSA CONSULTING PRIVATE LTD",22536,UNCLASSIFIED,—,0.000,0.0,"Not in the top-tier register"
"WESTERNEX SUPPLY",22400,UNCLASSIFIED,—,0.000,0.0,"Not in the top-tier register"
"AON ADVISORY AUSTRALIA PTY LTD",22153,UNCLASSIFIED,—,0.000,0.0,"Not in the top-tier register"
"JAWS BUCKETS & ATTACHMENTS P/L",21906,UNCLASSIFIED,—,0.000,0.0,"Not in the top-tier register"
"SEW EURODRIVE PTY LTD",21603,UNCLASSIFIED,—,0.000,0.0,"Not in the top-tier register"
"TERRA SOLUTIONS PTY LTD",21576,UNCLASSIFIED,—,0.000,0.0,"Not in the top-tier register"
"DM GROUP OF COMPANIES",21450,UNCLASSIFIED,—,0.000,0.0,"Not in the top-tier register"
"LMATS PTY LTD",21240,UNCLASSIFIED,—,0.000,0.0,"Not in the top-tier register"
"DTN APAC PTY LTD",21203,UNCLASSIFIED,—,0.000,0.0,"Not in the top-tier register"
"MITEZ INC",21000,UNCLASSIFIED,—,0.000,0.0,"Not in the top-tier register"
"DUAL VALVES AUSTRALASIA PL",20430,UNCLASSIFIED,—,0.000,0.0,"Not in the top-tier register"
"SMC CORP (AUSTRALIA) P/L",20291,UNCLASSIFIED,—,0.000,0.0,"Not in the top-tier register"
"ROYAL FLYING DOCTOR SERVICE",20000,UNCLASSIFIED,—,0.000,0.0,"Not in the top-tier register"
"MAPTEK PTY LTD",19890,UNCLASSIFIED,—,0.000,0.0,"Not in the top-tier register"
"DRYCORP GROUP PTY LTD",19800,UNCLASSIFIED,—,0.000,0.0,"Not in the top-tier register"
"CQ FIELD MINING SERVICES P/L",19583,UNCLASSIFIED,—,0.000,0.0,"Not in the top-tier register"
"OWEN PAUL FERGUSON",19387,UNCLASSIFIED,—,0.000,0.0,"Not in the top-tier register"
"ELITE METAL CRAFT",19288,UNCLASSIFIED,—,0.000,0.0,"Not in the top-tier register"
"SANDVIK ROCK PROCESSING AUST",19124,UNCLASSIFIED,—,0.000,0.0,"Not in the top-tier register"
"HEAT SYSTEMS GROUP P/L",18850,UNCLASSIFIED,—,0.000,0.0,"Not in the top-tier register"
"CGG SERVICES (AUSTRALIA) P/L",18800,UNCLASSIFIED,—,0.000,0.0,"Not in the top-tier register"
"AMAPRODUCTS PTY LTD",18564,UNCLASSIFIED,—,0.000,0.0,"Not in the top-tier register"
"AUSSIE BROADBAND LIMITED",18391,UNCLASSIFIED,—,0.000,0.0,"Not in the top-tier register"
"RB COMMUNICATIONS P/L",18362,UNCLASSIFIED,—,0.000,0.0,"Not in the top-tier register"
"TOWER CANVAS",18320,UNCLASSIFIED,—,0.000,0.0,"Not in the top-tier register"
"CONTITECH AUSTRALIA PTY LTD",18110,UNCLASSIFIED,—,0.000,0.0,"Not in the top-tier register"
"QUEENSLAND X-RAY SERVICES",18097,UNCLASSIFIED,—,0.000,0.0,"Not in the top-tier register"
"RSM AUSTRALIA PTY LTD",18033,UNCLASSIFIED,—,0.000,0.0,"Not in the top-tier register"
"ATCO STRUCTURES & LOGISTICS",17621,UNCLASSIFIED,—,0.000,0.0,"Not in the top-tier register"
"BOUNCE COFFEE COMPANY",17552,UNCLASSIFIED,—,0.000,0.0,"Not in the top-tier register"
"AQUALAB SCIENTIFIC P/L",17535,UNCLASSIFIED,—,0.000,0.0,"Not in the top-tier register"
"JODRELL PLANT & EQUIPMENT",17483,UNCLASSIFIED,—,0.000,0.0,"Not in the top-tier register"
"SPLIT SET MINING SYSTEMS",17360,UNCLASSIFIED,—,0.000,0.0,"Not in the top-tier register"
"WEDCON PTY LTD",17218,UNCLASSIFIED,—,0.000,0.0,"Not in the top-tier register"
"BOLDSIDECONSULTING P/L",17000,UNCLASSIFIED,—,0.000,0.0,"Not in the top-tier register"
"GREENBASE PTY LTD",16920,UNCLASSIFIED,—,0.000,0.0,"Not in the top-tier register"
"MAPIEN PTY LTD",16780,UNCLASSIFIED,—,0.000,0.0,"Not in the top-tier register"
"COMBUSTION & CHEMICAL ENG P/L",16640,UNCLASSIFIED,—,0.000,0.0,"Not in the top-tier register"
"FVS FIRE PTY LTD",16483,UNCLASSIFIED,—,0.000,0.0,"Not in the top-tier register"
"SAFETY & EMERGENCY TRAINING",16350,UNCLASSIFIED,—,0.000,0.0,"Not in the top-tier register"
"WESTWATER ENTERPRISES P/L",16249,UNCLASSIFIED,—,0.000,0.0,"Not in the top-tier register"
"NEPEAN POWER PTY LTD",16104,UNCLASSIFIED,—,0.000,0.0,"Not in the top-tier register"
"NOW OFFICE PTY LTD",16024,UNCLASSIFIED,—,0.000,0.0,"Not in the top-tier register"
"FIRSTIN PHYSIO PTY LTD",15960,UNCLASSIFIED,—,0.000,0.0,"Not in the top-tier register"
"KEWAN BOND PTY LTD",15930,UNCLASSIFIED,—,0.000,0.0,"Not in the top-tier register"
"SONIC HEALTHPLUS P/L",15834,UNCLASSIFIED,—,0.000,0.0,"Not in the top-tier register"
"RICHMOND ROLLING SOLUTIONS",15750,UNCLASSIFIED,—,0.000,0.0,"Not in the top-tier register"
"STRATEX PTY LTD",15452,UNCLASSIFIED,—,0.000,0.0,"Not in the top-tier register"
"CHUBB FIRE & SAFETY P/L",15346,UNCLASSIFIED,—,0.000,0.0,"Not in the top-tier register"
"SEYFARTH SHAW AUSTRALIA",15225,UNCLASSIFIED,—,0.000,0.0,"Not in the top-tier register"
"DFC 1 PTY LTD",15000,UNCLASSIFIED,—,0.000,0.0,"Not in the top-tier register"
"LIFE FITNESS AUSTRALIA",14981,UNCLASSIFIED,—,0.000,0.0,"Not in the top-tier register"
"ECOTECH PTY LTD",14886,UNCLASSIFIED,—,0.000,0.0,"Not in the top-tier register"
"COMPLETE TYRE MGMT SERVICES",14750,UNCLASSIFIED,—,0.000,0.0,"Not in the top-tier register"
"ARCHIMEDES CO P/L",14337,UNCLASSIFIED,—,0.000,0.0,"Not in the top-tier register"
"KOMATSU AUSTRALIA P/L",14180,UNCLASSIFIED,—,0.000,0.0,"Not in the top-tier register"
"TURNER AUTO ELECTRICAL P/L",14061,UNCLASSIFIED,—,0.000,0.0,"Not in the top-tier register"
"PCS DYNAMICS PTY.LTD.",14030,UNCLASSIFIED,—,0.000,0.0,"Not in the top-tier register"
"ISADRAULICS PTY LTD",13684,UNCLASSIFIED,—,0.000,0.0,"Not in the top-tier register"
"HYDROBIOLOGY QLD P/L",13410,UNCLASSIFIED,—,0.000,0.0,"Not in the top-tier register"
"LIEBHERR-AUSTRALIA PTY LTD",13385,UNCLASSIFIED,—,0.000,0.0,"Not in the top-tier register"
"WATER EQUIP PTY LTD",13283,UNCLASSIFIED,—,0.000,0.0,"Not in the top-tier register"
"ALS METALLURGY P/L",13068,UNCLASSIFIED,—,0.000,0.0,"Not in the top-tier register"
"OPSM PTY LTD",12890,UNCLASSIFIED,—,0.000,0.0,"Not in the top-tier register"
"TOWNSVILLE ENTERPRISE LIMITED",12709,UNCLASSIFIED,—,0.000,0.0,"Not in the top-tier register"
"QUIK-DIG PTY LTD",12606,UNCLASSIFIED,—,0.000,0.0,"Not in the top-tier register"
"TEI SERVICES P/L",12300,UNCLASSIFIED,—,0.000,0.0,"Not in the top-tier register"
"HACH PACIFIC PTY LTD",12190,UNCLASSIFIED,—,0.000,0.0,"Not in the top-tier register"
"OIL SOLUTIONS N.Q",12161,UNCLASSIFIED,—,0.000,0.0,"Not in the top-tier register"
"THE GOUGH FAMILY TRUST",12040,UNCLASSIFIED,—,0.000,0.0,"Not in the top-tier register"
"SYNERGY IA PTY LTD",12000,UNCLASSIFIED,—,0.000,0.0,"Not in the top-tier register"
"LUKE GELDARD PRODUCTIONS",11850,UNCLASSIFIED,—,0.000,0.0,"Not in the top-tier register"
"NORQUIP HIRE",11619,UNCLASSIFIED,—,0.000,0.0,"Not in the top-tier register"
"ACCUTHERM INTERNATIONAL P/L",11445,UNCLASSIFIED,—,0.000,0.0,"Not in the top-tier register"
"NICHE ENVIRONMENT& HERITAGE",11166,UNCLASSIFIED,—,0.000,0.0,"Not in the top-tier register"
"ANALYTICAL SOLUTIONS AUSTRALIA",11158,UNCLASSIFIED,—,0.000,0.0,"Not in the top-tier register"
"RAVENSWOOD POST OFFICE STORE",11152,UNCLASSIFIED,—,0.000,0.0,"Not in the top-tier register"
"BUNNINGS GROUP LIMITED",11089,UNCLASSIFIED,—,0.000,0.0,"Not in the top-tier register"
"AIRCONDITIONING DIRECT",11027,UNCLASSIFIED,—,0.000,0.0,"Not in the top-tier register"
"KLEER COLD ROOM HIRE P/L",10800,UNCLASSIFIED,—,0.000,0.0,"Not in the top-tier register"
"REMOTE CONTROL TECH P/L",10760,UNCLASSIFIED,—,0.000,0.0,"Not in the top-tier register"
"EQUIFAX PTY LIMITED",10724,UNCLASSIFIED,—,0.000,0.0,"Not in the top-tier register"
"INFRABUILD TRADING PTY LTD",10634,UNCLASSIFIED,—,0.000,0.0,"Not in the top-tier register"
"VOCUS PTY LTD",10149,UNCLASSIFIED,—,0.000,0.0,"Not in the top-tier register"
"BULK HANDLING AUSTRALIA GROUP",10128,UNCLASSIFIED,—,0.000,0.0,"Not in the top-tier register"
"BLACKHEATH & THORNBURGH PARENT",10000,UNCLASSIFIED,—,0.000,0.0,"Not in the top-tier register"
"CHARTERS TOWERS RUGBY LEAGUE",10000,UNCLASSIFIED,—,0.000,0.0,"Not in the top-tier register"
"FUEL FOR SCHOOLS LTD",10000,UNCLASSIFIED,—,0.000,0.0,"Not in the top-tier register"
"AVK FLOW CONTROL PTY LTD",9990,UNCLASSIFIED,—,0.000,0.0,"Not in the top-tier register"
"IN FRONT WILD DOG MANAGEMENT",9703,UNCLASSIFIED,—,0.000,0.0,"Not in the top-tier register"
"HAOMA MINING NL",9655,UNCLASSIFIED,—,0.000,0.0,"Not in the top-tier register"
"SJH HEAVY HAULAGE P/L",9615,UNCLASSIFIED,—,0.000,0.0,"Not in the top-tier register"
"FITNESS EQUIPMENT FINANCE P/L",9610,UNCLASSIFIED,—,0.000,0.0,"Not in the top-tier register"
"TOUCHPOINT TECHNOLOGY",9488,UNCLASSIFIED,—,0.000,0.0,"Not in the top-tier register"
"EMH SERVICES PTY LTD",9462,UNCLASSIFIED,—,0.000,0.0,"Not in the top-tier register"
"ABC SALES & MAINTENANCE",9349,UNCLASSIFIED,—,0.000,0.0,"Not in the top-tier register"
"PURE GOLD FILMS PTY LTD",9260,UNCLASSIFIED,—,0.000,0.0,"Not in the top-tier register"
"JR'S FOAM & RUBBER P/L",9135,UNCLASSIFIED,—,0.000,0.0,"Not in the top-tier register"
"GRADASH PTY LTD",9124,UNCLASSIFIED,—,0.000,0.0,"Not in the top-tier register"
"SCAN TECH 3D P/L",9060,UNCLASSIFIED,—,0.000,0.0,"Not in the top-tier register"
"EMPIRE OFFICE FURNITURE",8924,UNCLASSIFIED,—,0.000,0.0,"Not in the top-tier register"
"ATOM SUPPLY",8916,UNCLASSIFIED,—,0.000,0.0,"Not in the top-tier register"
"TANKS DIRECT",8468,UNCLASSIFIED,—,0.000,0.0,"Not in the top-tier register"
"MINERAL PROCESS CONTROL PTY LT",8448,UNCLASSIFIED,—,0.000,0.0,"Not in the top-tier register"
"TICS PTY LTD",8247,UNCLASSIFIED,—,0.000,0.0,"Not in the top-tier register"
"JOHN B MEDICAL P/L",8234,UNCLASSIFIED,—,0.000,0.0,"Not in the top-tier register"
"ASPERMONT LIMITED",8200,UNCLASSIFIED,—,0.000,0.0,"Not in the top-tier register"
"HYDROTERRA PTY LTD",8100,UNCLASSIFIED,—,0.000,0.0,"Not in the top-tier register"
"SCHOOL OF RIGGING",8000,UNCLASSIFIED,—,0.000,0.0,"Not in the top-tier register"
"EMG SITE SERVICES PTY LTD",7810,UNCLASSIFIED,—,0.000,0.0,"Not in the top-tier register"
"TEFOL NORTH QLD PTY LTD",7786,UNCLASSIFIED,—,0.000,0.0,"Not in the top-tier register"
"PMD PROCESS CONTROLS",7730,UNCLASSIFIED,—,0.000,0.0,"Not in the top-tier register"
"ADVANCED INDUSTRY TRAINING",7600,UNCLASSIFIED,—,0.000,0.0,"Not in the top-tier register"
"FIRST RESPONSE AUSTRALIA PL",7485,UNCLASSIFIED,—,0.000,0.0,"Not in the top-tier register"
"PETER MOORE",7426,UNCLASSIFIED,—,0.000,0.0,"Not in the top-tier register"
"ELLSLEY DO NOT USE SEE ELL002",7400,UNCLASSIFIED,—,0.000,0.0,"Not in the top-tier register"
"ISCOPE4REPAIR P/L",7220,UNCLASSIFIED,—,0.000,0.0,"Not in the top-tier register"
"ROCSCIENCE INC.",7197,UNCLASSIFIED,—,0.000,0.0,"Not in the top-tier register"
"OMNI-TUFF GROUP T/A DAYWALK",7168,UNCLASSIFIED,—,0.000,0.0,"Not in the top-tier register"
"AUSTRALASIA SCALES P/L",6806,UNCLASSIFIED,—,0.000,0.0,"Not in the top-tier register"
"DYNAMIC ENGINEERING AUSTRALIA",6775,UNCLASSIFIED,—,0.000,0.0,"Not in the top-tier register"
"COLLEEN FERNANDEZ",6750,UNCLASSIFIED,—,0.000,0.0,"Not in the top-tier register"
"NCS AU PTY LTD",6720,UNCLASSIFIED,—,0.000,0.0,"Not in the top-tier register"
"MOBILE ID CARDS",6588,UNCLASSIFIED,—,0.000,0.0,"Not in the top-tier register"
"VULCANIC TEE PL",6576,UNCLASSIFIED,—,0.000,0.0,"Not in the top-tier register"
"CHARTERS TOWERS VETERINARY",6523,UNCLASSIFIED,—,0.000,0.0,"Not in the top-tier register"
"GARDNER DENVER INDUSTRIES P/L",6511,UNCLASSIFIED,—,0.000,0.0,"Not in the top-tier register"
"RISK MANAGEMENT TECHNOLOGIES",6503,UNCLASSIFIED,—,0.000,0.0,"Not in the top-tier register"
"TOWERS CONCRETE P/L",6500,UNCLASSIFIED,—,0.000,0.0,"Not in the top-tier register"
"JD & CM WILLIS",6430,UNCLASSIFIED,—,0.000,0.0,"Not in the top-tier register"
"OFFICEWORKS PTY LTD",6324,UNCLASSIFIED,—,0.000,0.0,"Not in the top-tier register"
"WORKHAB INTERNATIONAL",6136,UNCLASSIFIED,—,0.000,0.0,"Not in the top-tier register"
"NORTHERN PLASTIC SUPPLIES",6070,UNCLASSIFIED,—,0.000,0.0,"Not in the top-tier register"
"WILD GRAVITY",6069,UNCLASSIFIED,—,0.000,0.0,"Not in the top-tier register"
"BUDGET TRAILERS",5944,UNCLASSIFIED,—,0.000,0.0,"Not in the top-tier register"
"RP DATA LTD",5818,UNCLASSIFIED,—,0.000,0.0,"Not in the top-tier register"
"CARLSON SOFTWARE AUSTRALIA P/L",5785,UNCLASSIFIED,—,0.000,0.0,"Not in the top-tier register"
"ICE MACHINES AUSTRALIA",5723,UNCLASSIFIED,—,0.000,0.0,"Not in the top-tier register"
"PIPWARE SOLUTIONS",5567,UNCLASSIFIED,—,0.000,0.0,"Not in the top-tier register"
"MINDFIT AT WORK",5548,UNCLASSIFIED,—,0.000,0.0,"Not in the top-tier register"
"ACCESS SOFTWARE AUSTRALIA P/L",5400,UNCLASSIFIED,—,0.000,0.0,"Not in the top-tier register"
"ARDENT SECURITY",5376,UNCLASSIFIED,—,0.000,0.0,"Not in the top-tier register"
"OFF GRID DESIGN",5300,UNCLASSIFIED,—,0.000,0.0,"Not in the top-tier register"
"CITY VENUE MANAGEMENT P/L",5180,UNCLASSIFIED,—,0.000,0.0,"Not in the top-tier register"
"ALCOLIZER TECHNOLOGY",5163,UNCLASSIFIED,—,0.000,0.0,"Not in the top-tier register"
"TECO AUSTRALIA PTY LTD-COD",5052,UNCLASSIFIED,—,0.000,0.0,"Not in the top-tier register"
"REFLEX INSTRUMENTS ASIAPAC P/L",5020,UNCLASSIFIED,—,0.000,0.0,"Not in the top-tier register"
"BABY GIVE BACK LTD",5000,UNCLASSIFIED,—,0.000,0.0,"Not in the top-tier register"
"HUMMER NQ ATF HUMMER NQ TRUST",5000,UNCLASSIFIED,—,0.000,0.0,"Not in the top-tier register"
"AIR CHANGE AUSTRALIA P/L",4980,UNCLASSIFIED,—,0.000,0.0,"Not in the top-tier register"
"THE RACK'N STACK WAREHOUSE",4979,UNCLASSIFIED,—,0.000,0.0,"Not in the top-tier register"
"TRELLEBORG ENGINEERED PRODUCTS",4941,UNCLASSIFIED,—,0.000,0.0,"Not in the top-tier register"
"PARAGON CARE",4875,UNCLASSIFIED,—,0.000,0.0,"Not in the top-tier register"
"CORE METALLURGY PTY LTD",4848,UNCLASSIFIED,—,0.000,0.0,"Not in the top-tier register"
"AUSIMM",4793,UNCLASSIFIED,—,0.000,0.0,"Not in the top-tier register"
"S.C.F GROUP PTY LTD",4722,UNCLASSIFIED,—,0.000,0.0,"Not in the top-tier register"
"POWERCAD SOFTWARE P/L",4680,UNCLASSIFIED,—,0.000,0.0,"Not in the top-tier register"
"BEND-TECH GROUP PTY LTD",4656,UNCLASSIFIED,—,0.000,0.0,"Not in the top-tier register"
"THERMO GAMMA-METRICS P/L",4602,UNCLASSIFIED,—,0.000,0.0,"Not in the top-tier register"
"ENVIRONMENT ESSENTIALS",4600,UNCLASSIFIED,—,0.000,0.0,"Not in the top-tier register"
"ENERGY SKILLS SOLUTIONS",4492,UNCLASSIFIED,—,0.000,0.0,"Not in the top-tier register"
"EYECARE PLUS OPTOMETRISTS",4485,UNCLASSIFIED,—,0.000,0.0,"Not in the top-tier register"
"CQ WORKFIT",4351,UNCLASSIFIED,—,0.000,0.0,"Not in the top-tier register"
"CML TRAINING PTY LTD",4340,UNCLASSIFIED,—,0.000,0.0,"Not in the top-tier register"
"TURNER & TOWNSEND PTY LTD",4310,UNCLASSIFIED,—,0.000,0.0,"Not in the top-tier register"
"RADICAL TORQUE SOLUTIONS P/L",4182,UNCLASSIFIED,—,0.000,0.0,"Not in the top-tier register"
"MAGNUMS CATERING",4180,UNCLASSIFIED,—,0.000,0.0,"Not in the top-tier register"
"SULLIVAN NICOLAIDES PATHOLOGY",4062,UNCLASSIFIED,—,0.000,0.0,"Not in the top-tier register"
"CALTEX - STARCARD",4011,UNCLASSIFIED,—,0.000,0.0,"Not in the top-tier register"
"NQ STEELSTOCKS PTY LTD",3985,UNCLASSIFIED,—,0.000,0.0,"Not in the top-tier register"
"ACU-VIB ELECTRONICS",3980,UNCLASSIFIED,—,0.000,0.0,"Not in the top-tier register"
"MINTAP SERVICES PRT LTD",3978,UNCLASSIFIED,—,0.000,0.0,"Not in the top-tier register"
"CKC HAULAGE PTY LTD",3958,UNCLASSIFIED,—,0.000,0.0,"Not in the top-tier register"
"HNA GROUP PTY LTD",3910,UNCLASSIFIED,—,0.000,0.0,"Not in the top-tier register"
"I-MED QUEENSLAND PTY LTD",3717,UNCLASSIFIED,—,0.000,0.0,"Not in the top-tier register"
"JOEST AUSTRALIA P/L",3675,UNCLASSIFIED,—,0.000,0.0,"Not in the top-tier register"
"SIGNET PTY LTD",3666,UNCLASSIFIED,—,0.000,0.0,"Not in the top-tier register"
"NORTON ROSE FULBRIGHT",3618,UNCLASSIFIED,—,0.000,0.0,"Not in the top-tier register"
"LIME MEDICOLEGAL",3520,UNCLASSIFIED,—,0.000,0.0,"Not in the top-tier register"
"TARDISS INC",3500,UNCLASSIFIED,—,0.000,0.0,"Not in the top-tier register"
"PROCESS SYSTEMS PTY LTD",3480,UNCLASSIFIED,—,0.000,0.0,"Not in the top-tier register"
"SCOTT AUTOMATION & ROB0TICS",3430,UNCLASSIFIED,—,0.000,0.0,"Not in the top-tier register"
"THOMSON ENVIRONMENTAL SYSTEMS",3410,UNCLASSIFIED,—,0.000,0.0,"Not in the top-tier register"
"PORTABLE ANALYTICAL SOLUTIONS",3400,UNCLASSIFIED,—,0.000,0.0,"Not in the top-tier register"
"BURDEKIN SHIRE COUNCIL",3293,UNCLASSIFIED,—,0.000,0.0,"Not in the top-tier register"
"RACK INSPECT PTY LTD",3225,UNCLASSIFIED,—,0.000,0.0,"Not in the top-tier register"
"G & M WILKES",3217,UNCLASSIFIED,—,0.000,0.0,"Not in the top-tier register"
"TOWNSVILLE LOCKSMITHS & HARDWA",3107,UNCLASSIFIED,—,0.000,0.0,"Not in the top-tier register"
"DEVONPORT CATTLE CO.",3075,UNCLASSIFIED,—,0.000,0.0,"Not in the top-tier register"
"EXTREME MARQUEES PTY LTD",3053,UNCLASSIFIED,—,0.000,0.0,"Not in the top-tier register"
"HEALTH COMMUNICATIONS NETWORK",3043,UNCLASSIFIED,—,0.000,0.0,"Not in the top-tier register"
"SCIENCE ESSENTIALS(TPS IONODE)",3036,UNCLASSIFIED,—,0.000,0.0,"Not in the top-tier register"
"FIRST AID KITS AUSTRALIA",2987,UNCLASSIFIED,—,0.000,0.0,"Not in the top-tier register"
"MCKAVANAGH ENGINEERING",2965,UNCLASSIFIED,—,0.000,0.0,"Not in the top-tier register"
"MCCULLOUGH ROBERTSON LAWYERS",2942,UNCLASSIFIED,—,0.000,0.0,"Not in the top-tier register"
"BELLCO LAW GROUP",2931,UNCLASSIFIED,—,0.000,0.0,"Not in the top-tier register"
"KG ENGINEERING P/L",2872,UNCLASSIFIED,—,0.000,0.0,"Not in the top-tier register"
"KIRKTON CATTLE COMPANY P/L",2850,UNCLASSIFIED,—,0.000,0.0,"Not in the top-tier register"
"MEARS REFRACTORY CO PTY LTD",2720,UNCLASSIFIED,—,0.000,0.0,"Not in the top-tier register"
"AZKEEN INDUSTRIES PTY LTD",2715,UNCLASSIFIED,—,0.000,0.0,"Not in the top-tier register"
"do not use - See POS002AUD",2679,UNCLASSIFIED,—,0.000,0.0,"Not in the top-tier register"
"PURPLE ENGINEERING PTY TLD",2639,UNCLASSIFIED,—,0.000,0.0,"Not in the top-tier register"
"GEOGRAPHE ENTERPRISES PTY LTD",2636,UNCLASSIFIED,—,0.000,0.0,"Not in the top-tier register"
"NQ HIGH SCHOOL CUP INC",2500,UNCLASSIFIED,—,0.000,0.0,"Not in the top-tier register"
"CHARTERS TOWERS AMATEUR",2500,UNCLASSIFIED,—,0.000,0.0,"Not in the top-tier register"
"CALYPSO COACHES",2491,UNCLASSIFIED,—,0.000,0.0,"Not in the top-tier register"
"THERMAL SYSTEMS P/L",2447,UNCLASSIFIED,—,0.000,0.0,"Not in the top-tier register"
"DR ANWAR BILAL",2430,UNCLASSIFIED,—,0.000,0.0,"Not in the top-tier register"
"ARTCRAFT PTY LTD",2416,UNCLASSIFIED,—,0.000,0.0,"Not in the top-tier register"
"SLGC PTY LTD",2400,UNCLASSIFIED,—,0.000,0.0,"Not in the top-tier register"
"JB'S DIESEL & MECHANICAL P/L",2360,UNCLASSIFIED,—,0.000,0.0,"Not in the top-tier register"
"ANACONDA GROUP PTY LTD",2357,UNCLASSIFIED,—,0.000,0.0,"Not in the top-tier register"
"HOPPER STOPPERS PTY LTD",2337,UNCLASSIFIED,—,0.000,0.0,"Not in the top-tier register"
"EASY REACH CONCRETE PUMPING",2315,UNCLASSIFIED,—,0.000,0.0,"Not in the top-tier register"
"AUSTRALIAN EQUIPMENT ENGINEER",2312,UNCLASSIFIED,—,0.000,0.0,"Not in the top-tier register"
"ZETTAGRID PTY LTD",2307,UNCLASSIFIED,—,0.000,0.0,"Not in the top-tier register"
"IQ INDUSTRY QUEENSLAND",2255,UNCLASSIFIED,—,0.000,0.0,"Not in the top-tier register"
"QML PATHOLOGY",2252,UNCLASSIFIED,—,0.000,0.0,"Not in the top-tier register"
"MR WJ CAGNIN",2212,UNCLASSIFIED,—,0.000,0.0,"Not in the top-tier register"
"VIRGINIA PARK STATION PTY LTD",2200,UNCLASSIFIED,—,0.000,0.0,"Not in the top-tier register"
"TEC-NQ LIMITED",2177,UNCLASSIFIED,—,0.000,0.0,"Not in the top-tier register"
"TPS P/L",2175,UNCLASSIFIED,—,0.000,0.0,"Not in the top-tier register"
"GG CHEST,SLEEP&GEN MEDICINE",2155,UNCLASSIFIED,—,0.000,0.0,"Not in the top-tier register"
"FUME & DUST CONTROL P/L",2150,UNCLASSIFIED,—,0.000,0.0,"Not in the top-tier register"
"THE CANDY WRAPPER",2125,UNCLASSIFIED,—,0.000,0.0,"Not in the top-tier register"
"ESS ENGINEERING SERVICES & SUP",2100,UNCLASSIFIED,—,0.000,0.0,"Not in the top-tier register"
"BDO TRADING PTY LTD",2029,UNCLASSIFIED,—,0.000,0.0,"Not in the top-tier register"
"QUALITY HOIST & HYDRAULIC SERV",2000,UNCLASSIFIED,—,0.000,0.0,"Not in the top-tier register"
"ZONTA CLUB OF CHARTERS TOWERS",2000,UNCLASSIFIED,—,0.000,0.0,"Not in the top-tier register"
"GOLD CITY CUTTERS INC",2000,UNCLASSIFIED,—,0.000,0.0,"Not in the top-tier register"
"COHEN CONSTRUCTIONS P/L",1998,UNCLASSIFIED,—,0.000,0.0,"Not in the top-tier register"
"BEEHIVE VINYL PRODUCTS P/L",1902,UNCLASSIFIED,—,0.000,0.0,"Not in the top-tier register"
"GOLD CITY MOTORCYCLES NQ P/L",1801,UNCLASSIFIED,—,0.000,0.0,"Not in the top-tier register"
"ASIC",1789,UNCLASSIFIED,—,0.000,0.0,"Not in the top-tier register"
"AGILENT TECHNOLOGIES AUST P/L",1749,UNCLASSIFIED,—,0.000,0.0,"Not in the top-tier register"
"ECOCARE AUSTRALIA",1554,UNCLASSIFIED,—,0.000,0.0,"Not in the top-tier register"
"TOWNSVILLESOFTBALL ASSOCIATION",1500,UNCLASSIFIED,—,0.000,0.0,"Not in the top-tier register"
"TOWNSVILLE TIGER SHARKS",1500,UNCLASSIFIED,—,0.000,0.0,"Not in the top-tier register"
"MARLBOROUGH ENG. AUST. P/L",1440,UNCLASSIFIED,—,0.000,0.0,"Not in the top-tier register"
"VINKE ENTERPRISES P/L",1434,UNCLASSIFIED,—,0.000,0.0,"Not in the top-tier register"
"THERMO FISHER SCIENTIFIC P/L",1424,UNCLASSIFIED,—,0.000,0.0,"Not in the top-tier register"
"RIDES N SLIDES TOWNSVILLE",1395,UNCLASSIFIED,—,0.000,0.0,"Not in the top-tier register"
"JAMES WALKER AUST PTY LTD",1376,UNCLASSIFIED,—,0.000,0.0,"Not in the top-tier register"
"RYDGES SOUTHBANK TOWNSVILLE",1375,UNCLASSIFIED,—,0.000,0.0,"Not in the top-tier register"
"BURKERT AUSTRALIA  PTY LTD",1346,UNCLASSIFIED,—,0.000,0.0,"Not in the top-tier register"
"PLAN B CONSULTING (AUS)",1341,UNCLASSIFIED,—,0.000,0.0,"Not in the top-tier register"
"TAFE QUEENSLAND NORTH",1280,UNCLASSIFIED,—,0.000,0.0,"Not in the top-tier register"
"NORM HYATT SAW SERVICES P/L",1263,UNCLASSIFIED,—,0.000,0.0,"Not in the top-tier register"
"NORBAR TORQUE TOOLS",1258,UNCLASSIFIED,—,0.000,0.0,"Not in the top-tier register"
"ROC PRO SERVICES",1209,UNCLASSIFIED,—,0.000,0.0,"Not in the top-tier register"
"AUSTRALIAN ENTOMOLOGICAL SUPPL",1190,UNCLASSIFIED,—,0.000,0.0,"Not in the top-tier register"
"ADVANCED IRRIGATION SERVICES",1181,UNCLASSIFIED,—,0.000,0.0,"Not in the top-tier register"
"NEVERFAIL SPRINGWATER LTD",1169,UNCLASSIFIED,—,0.000,0.0,"Not in the top-tier register"
"TECWEIGH PTY LTD",1095,UNCLASSIFIED,—,0.000,0.0,"Not in the top-tier register"
"MICROGUARD PTY LTD",1066,UNCLASSIFIED,—,0.000,0.0,"Not in the top-tier register"
"INDEPENDENT MINERAL STANDARDS",1060,UNCLASSIFIED,—,0.000,0.0,"Not in the top-tier register"
"REPCO AUTO PARTS",1053,UNCLASSIFIED,—,0.000,0.0,"Not in the top-tier register"
"SOUTH COAST RADIOLOGY",1045,UNCLASSIFIED,—,0.000,0.0,"Not in the top-tier register"
"M2M ONE P/L",1026,UNCLASSIFIED,—,0.000,0.0,"Not in the top-tier register"
"THURINGOWA BRASS BAND INC",1000,UNCLASSIFIED,—,0.000,0.0,"Not in the top-tier register"
"PHIL SAXBY'S REMOTE VEHICLE",1000,UNCLASSIFIED,—,0.000,0.0,"Not in the top-tier register"
"ORE RESEARCH & EXPLORATION P/L",949,UNCLASSIFIED,—,0.000,0.0,"Not in the top-tier register"
"JEA TECHNOLOGIES P/L",868,UNCLASSIFIED,—,0.000,0.0,"Not in the top-tier register"
"SAI GLOBAL",864,UNCLASSIFIED,—,0.000,0.0,"Not in the top-tier register"
"DO NOT USE - SEE SIT003AUD",845,UNCLASSIFIED,—,0.000,0.0,"Not in the top-tier register"
"EYECARE PLUS AYR",800,UNCLASSIFIED,—,0.000,0.0,"Not in the top-tier register"
"AMCO INDUSTRIES",798,UNCLASSIFIED,—,0.000,0.0,"Not in the top-tier register"
"VISION INDUSTRIES PTY LTD",780,UNCLASSIFIED,—,0.000,0.0,"Not in the top-tier register"
"JJ'S WASTE & RECYCLING",767,UNCLASSIFIED,—,0.000,0.0,"Not in the top-tier register"
"CWG INSULATION",760,UNCLASSIFIED,—,0.000,0.0,"Not in the top-tier register"
"NLS FLUID SOLUTIONS",717,UNCLASSIFIED,—,0.000,0.0,"Not in the top-tier register"
"MENTAL HEALTH FIRST AID INTERN",664,UNCLASSIFIED,—,0.000,0.0,"Not in the top-tier register"
"SULLIVANS MINING & INDUSTRIAL",663,UNCLASSIFIED,—,0.000,0.0,"Not in the top-tier register"
"PARCHEM CONSTRUCTION SUPPLIES",659,UNCLASSIFIED,—,0.000,0.0,"Not in the top-tier register"
"SARTORIUS AUSTRALIA PTY LTD",655,UNCLASSIFIED,—,0.000,0.0,"Not in the top-tier register"
"THORPS BUILDING HERITAGE TEA",627,UNCLASSIFIED,—,0.000,0.0,"Not in the top-tier register"
"HOTEL GRAND CHANCELLOR T'VILLE",609,UNCLASSIFIED,—,0.000,0.0,"Not in the top-tier register"
"SCIENCE 2 MEDICAL PTY LTD",555,UNCLASSIFIED,—,0.000,0.0,"Not in the top-tier register"
"TOWNSVILLE ROAD RUNNERS INC",500,UNCLASSIFIED,—,0.000,0.0,"Not in the top-tier register"
"ABLE SYSTEMS PTY LTD",500,UNCLASSIFIED,—,0.000,0.0,"Not in the top-tier register"
"PARASOL EMT PTY LTD",495,UNCLASSIFIED,—,0.000,0.0,"Not in the top-tier register"
"RAVENSWOOD RESTORATION&PRESERV",464,UNCLASSIFIED,—,0.000,0.0,"Not in the top-tier register"
"PIVOTEL SATELLITE P/L",451,UNCLASSIFIED,—,0.000,0.0,"Not in the top-tier register"
"ALPHA VITAL PTY LTD",446,UNCLASSIFIED,—,0.000,0.0,"Not in the top-tier register"
"NQPT P/L",429,UNCLASSIFIED,—,0.000,0.0,"Not in the top-tier register"
"CIRCUITLINK PTY LTD",425,UNCLASSIFIED,—,0.000,0.0,"Not in the top-tier register"
"KAWALIAP PTY LTD",385,UNCLASSIFIED,—,0.000,0.0,"Not in the top-tier register"
"QSCAN SERVICES PTY LTD",364,UNCLASSIFIED,—,0.000,0.0,"Not in the top-tier register"
"KATE KING T/A  K+O LANDSCAPE",360,UNCLASSIFIED,—,0.000,0.0,"Not in the top-tier register"
"BERENDSEN FLUID POWER",345,UNCLASSIFIED,—,0.000,0.0,"Not in the top-tier register"
"MARCEM AUSTRALIA  PTY LTD",312,UNCLASSIFIED,—,0.000,0.0,"Not in the top-tier register"
"DR NEIL BRETZ",300,UNCLASSIFIED,—,0.000,0.0,"Not in the top-tier register"
"BLAKOE'S SANDBLASTING & PROTEC",300,UNCLASSIFIED,—,0.000,0.0,"Not in the top-tier register"
"ICAM AUSTRALIA PTY LTD",295,UNCLASSIFIED,—,0.000,0.0,"Not in the top-tier register"
"MAPUCCINO",282,UNCLASSIFIED,—,0.000,0.0,"Not in the top-tier register"
"AUTOMOTIVE IMPORTS P/L",272,UNCLASSIFIED,—,0.000,0.0,"Not in the top-tier register"
"I-MED WESTERN AUSTRALIA P/L",240,UNCLASSIFIED,—,0.000,0.0,"Not in the top-tier register"
"TRACPOWER NQ PTY LTD",235,UNCLASSIFIED,—,0.000,0.0,"Not in the top-tier register"
"REWARD SUPPLY CO. P/L",228,UNCLASSIFIED,—,0.000,0.0,"Not in the top-tier register"
"JONES RADIOLOGY",220,UNCLASSIFIED,—,0.000,0.0,"Not in the top-tier register"
"ELECTRICAL SERVICES BRISBANE",215,UNCLASSIFIED,—,0.000,0.0,"Not in the top-tier register"
"OZRAM HYDRAULIC SERVICES",180,UNCLASSIFIED,—,0.000,0.0,"Not in the top-tier register"
"EJS CORP PTY LTD",172,UNCLASSIFIED,—,0.000,0.0,"Not in the top-tier register"
"SC RADIOLOGY PTY LTD",136,UNCLASSIFIED,—,0.000,0.0,"Not in the top-tier register"
"SHRED-X PTY LTD",100,UNCLASSIFIED,—,0.000,0.0,"Not in the top-tier register"
"HONEYCOMBE SALES AND SERVICE",91,UNCLASSIFIED,—,0.000,0.0,"Not in the top-tier register"
"M&Q EQUIPMENT PTY LTD",55,UNCLASSIFIED,—,0.000,0.0,"Not in the top-tier register"
"SOUTH PACIFIC WELDING GROUP",0,UNCLASSIFIED,—,0.000,0.0,"Not in the top-tier register"
"JKTECH PTY LTD",-448,UNCLASSIFIED,—,0.000,-0.0,"Not in the top-tier register"
"ALETEK PTY LTD",-2887,UNCLASSIFIED,—,0.000,-0.0,"Not in the top-tier register"
