Category,Basis,Key,Key_Type,Description,Factor,Factor_Unit,Quantity_UOM,Factor_Year,Factor_Source,Source_Ref,NAICS_Code,NAICS_Title,Match_Key,Excluded,Exclude_Reason,Notes
1,excluded,FUEL,ProductGroup,DIESEL & PETROL,,,,,NGA — WTT diesel,,,,,Y,Diesel and petrol.  Scope 1 combustion and Category 3 well to tank.,
1,excluded,LABO,ProductGroup,LABOUR TYPE,,,,,,,,,,Y,Labour type.  Not a purchased good.,
1,excluded,LUBR,ProductGroup,LUBRICANTS,,,,,NGA — WTT petroleum oils,,,,,Y,Lubricants.  Scope 1 combustion and Category 3 well to tank.,
1,excluded,PROP,ProductGroup,PROPANE,,,,,NGA — WTT LPG,,,,,Y,Propane.  Scope 1 combustion and Category 3 well to tank.,
1,excluded,ZDEL,ProductGroup,Deleted Items,,,,,,,,,,Y,Deleted items.,
1,excluded,ZZZZ,ProductGroup,Generic - To Be Corrected,,,,,,,,,,Y,"Generic, to be corrected.",
1,physical,EXPL,ProductGroup,EXPL,2.12,t CO2-e per t,t,,"AusLCI V48, ammonium nitrate, market for ammonium nitrate",,,,Explosives,N,,"Manufacture of the explosive. Detonation is separate, 0.17 t CO2 per tonne on AGO 2004 Table 11, and is carried as Scope 1 in Config.py."
1,spend,ACID,ProductGroup,ACID,0.974,kg/USD,,2022.0,EPA SCEF — Other Basic Inorganic Chemical Manufacturing,,,,,N,,
1,spend,ANTI,ProductGroup,ANTISCALANT,0.472,kg/USD,,2022.0,EPA SCEF — All Other Miscellaneous Chemical Product and Preparation Manufacturing,,325998.0,All Other Miscellaneous Chemical Product and Preparation Manufacturing,,N,,
1,spend,BATT,ProductGroup,BATTERIES,0.472,kg/USD,,2022.0,EPA SCEF — All Other Miscellaneous Chemical Product and Preparation Manufacturing,,,,,N,,
1,spend,BE01,ProductGroup,BELTS - VEE,0.133,kg/USD,,2022.0,EPA SCEF — Motor and Generator Manufacturing,,,,,N,,
1,spend,BELT,ProductGroup,BELTS,0.133,kg/USD,,2022.0,EPA SCEF — Motor and Generator Manufacturing,,,,,N,,
1,spend,BMAT,ProductGroup,BUILDING MATERIALS,0.769,kg/USD,,2022.0,EPA SCEF — Iron and Steel Mills and Ferroalloy Manufacturing,,,,,N,,
1,spend,BOM,ProductGroup,BOM'S,0.472,kg/USD,,2022.0,EPA SCEF — All Other Miscellaneous Chemical Product and Preparation Manufacturing,,,,,N,,
1,spend,BR01,ProductGroup,BEARINGS - BEARINGS,0.133,kg/USD,,2022.0,EPA SCEF — Motor and Generator Manufacturing,,,,,N,,
1,spend,BR02,ProductGroup,BEARINGS - ADAPTOR SLEEVES,0.133,kg/USD,,2022.0,EPA SCEF — Motor and Generator Manufacturing,,,,,N,,
1,spend,BR03,ProductGroup,BEARINGS - TAPERLOCK BUSHES,0.133,kg/USD,,2022.0,EPA SCEF — Motor and Generator Manufacturing,,,,,N,,
1,spend,BR04,ProductGroup,BEARINGS - HOUSINGS,0.133,kg/USD,,2022.0,EPA SCEF — Motor and Generator Manufacturing,,,,,N,,
1,spend,BR05,ProductGroup,BEARINGS - SEALS,0.133,kg/USD,,2022.0,EPA SCEF — Motor and Generator Manufacturing,,,,,N,,
1,spend,BR06,ProductGroup,BEARINGS - SPACER RINGS,0.133,kg/USD,,2022.0,EPA SCEF — Motor and Generator Manufacturing,,,,,N,,
1,spend,BR07,ProductGroup,BEARINGS - VEE PULLEYS,0.133,kg/USD,,2022.0,EPA SCEF — Motor and Generator Manufacturing,,,,,N,,
1,spend,BRNG,ProductGroup,BEARINGS & PWR TRANSMISSION EQ,0.133,kg/USD,,2022.0,EPA SCEF — Motor and Generator Manufacturing,,,,,N,,
1,spend,CABE,ProductGroup,CABLE ELECTRICAL,0.08,kg/USD,,2022.0,EPA SCEF — Other Electronic Component Manufacturing,,,,,N,,
1,spend,CARB,ProductGroup,CARBON,0.472,kg/USD,,2022.0,EPA SCEF — All Other Miscellaneous Chemical Product and Preparation Manufacturing,,,,,N,,
1,spend,CAUS,ProductGroup,CAUSTIC,0.974,kg/USD,,2022.0,EPA SCEF — Other Basic Inorganic Chemical Manufacturing,,,,,N,,
1,spend,CEMT,ProductGroup,CEMENT,3.846,kg/USD,,2022.0,EPA SCEF — Cement Manufacturing,,327310.0,Cement Manufacturing,,N,,
1,spend,CHEM,ProductGroup,CHEMICALS,0.974,kg/USD,,2022.0,EPA SCEF — Other Basic Inorganic Chemical Manufacturing,,,,,N,,
1,spend,CMPM,ProductGroup,COMPRESSOR SPARES MECHANICAL,0.472,kg/USD,,2022.0,EPA SCEF — All Other Miscellaneous Chemical Product and Preparation Manufacturing,,,,,N,,
1,spend,COMH,ProductGroup,COMMS HARDWARE,0.08,kg/USD,,2022.0,EPA SCEF — Other Electronic Component Manufacturing,,,,,N,,
1,spend,CONE,ProductGroup,CONTRACTORS - ELECTRICAL,0.221,kg/USD,,2022.0,EPA SCEF — Electrical Contractors and Other Wiring Installation Contractors,,,,,N,,
1,spend,CONG,ProductGroup,CONTRACTORS - GENERAL,0.221,kg/USD,,2022.0,EPA SCEF — All Other Specialty Trade Contractors,,,,,N,,
1,spend,CONL,ProductGroup,CONTRACTORS - LABOUR HIRE,0.051,kg/USD,,2022.0,EPA SCEF — Temporary Help Services,,,,,N,,
1,spend,CONQ,ProductGroup,CONSULTANTS,0.09,kg/USD,,2022.0,EPA SCEF — Environmental Consulting Services,,,,,N,,
1,spend,CONT,ProductGroup,CONTRACTOR TEMP STAFF(EXTERNAL,0.051,kg/USD,,2022.0,EPA SCEF — Temporary Help Services,,,,,N,,
1,spend,CORE,ProductGroup,CORE CHARGE,0.472,kg/USD,,2022.0,EPA SCEF — All Other Miscellaneous Chemical Product and Preparation Manufacturing,,,,,N,,
1,spend,CRSH,ProductGroup,CRUSHER SPARES,0.47,kg/USD,,2022.0,EPA SCEF — Iron and Steel Forging,,,,,N,,
1,spend,CV01,ProductGroup,CONVEYOR BELTING,0.281,kg/USD,,2022.0,EPA SCEF — Rubber and Plastics Hoses and Belting Manufacturing,,,,,N,,
1,spend,CV02,ProductGroup,CONVEYOR FRAMES,0.281,kg/USD,,2022.0,EPA SCEF — Rubber and Plastics Hoses and Belting Manufacturing,,,,,N,,
1,spend,CV03,ProductGroup,CONVEYOR ROLLERS,0.281,kg/USD,,2022.0,EPA SCEF — Rubber and Plastics Hoses and Belting Manufacturing,,,,,N,,
1,spend,CV04,ProductGroup,CONVEYOR SCRAPERS,0.281,kg/USD,,2022.0,EPA SCEF — Rubber and Plastics Hoses and Belting Manufacturing,,,,,N,,
1,spend,CV05,ProductGroup,CONVEYOR PULLEYS,0.281,kg/USD,,2022.0,EPA SCEF — Rubber and Plastics Hoses and Belting Manufacturing,,,,,N,,
1,spend,CV06,ProductGroup,CONVEYOR OTHER,0.281,kg/USD,,2022.0,EPA SCEF — Rubber and Plastics Hoses and Belting Manufacturing,,,,,N,,
1,spend,CV07,ProductGroup,CONVEYOR SKIRTING,0.281,kg/USD,,2022.0,EPA SCEF — Rubber and Plastics Hoses and Belting Manufacturing,,,,,N,,
1,spend,CV08,ProductGroup,CONVEYOR GEARBOXES,0.281,kg/USD,,2022.0,EPA SCEF — Rubber and Plastics Hoses and Belting Manufacturing,,,,,N,,
1,spend,CV09,ProductGroup,CONVEYOR GEARBOX COMPONENTS,0.281,kg/USD,,2022.0,EPA SCEF — Rubber and Plastics Hoses and Belting Manufacturing,,,,,N,,
1,spend,CYAN,ProductGroup,CYANIDE,0.974,kg/USD,,2022.0,EPA SCEF — Other Basic Inorganic Chemical Manufacturing,,325180.0,Other Basic Inorganic Chemical Manufacturing,,N,,
1,spend,DEGR,ProductGroup,DEGREASER,0.315,kg/USD,,2022.0,EPA SCEF — Soap and Other Detergent Manufacturing,,325611.0,Soap and Other Detergent Manufacturing,,N,,
1,spend,DUST,ProductGroup,DUST SUPPRESSANT,0.472,kg/USD,,2022.0,EPA SCEF — All Other Miscellaneous Chemical Product and Preparation Manufacturing,,325998.0,All Other Miscellaneous Chemical Product and Preparation Manufacturing,,N,,
1,spend,ECON,ProductGroup,ELECTRICAL CONSUMABLES,0.08,kg/USD,,2022.0,EPA SCEF — Other Electronic Component Manufacturing,,,,,N,,
1,spend,EL01,ProductGroup,ELECTRICAL VSD'S,0.223,kg/USD,,2022.0,"EPA SCEF — Measuring, Dispensing, and Other Pumping Equipment Manufacturing",,,,,N,,
1,spend,ELRE,ProductGroup,ELECTRICAL RETICULATION,0.08,kg/USD,,2022.0,EPA SCEF — Other Electronic Component Manufacturing,,,,,N,,
1,spend,EQIP,ProductGroup,EQUIPMENT PURCHASES,0.472,kg/USD,,2022.0,EPA SCEF — All Other Miscellaneous Chemical Product and Preparation Manufacturing,,,,,N,,
1,spend,EXPL,ProductGroup,EXPLOSIVES,0.472,kg/USD,,2022.0,EPA SCEF — Explosives Manufacturing,,325920.0,Explosives Manufacturing,,N,,
1,spend,FAST,ProductGroup,FASTENERS AND BOLTING,0.769,kg/USD,,2022.0,EPA SCEF — Iron and Steel Mills and Ferroalloy Manufacturing,,,,,N,,
1,spend,FL01,ProductGroup,FILTERS AIR - CAT COMMON,0.146,kg/USD,,2022.0,EPA SCEF — Other Metal Valve and Pipe Fitting Manufacturing,,,,,N,,
1,spend,FL02,ProductGroup,FILTERS OTHER - CAT COMMON,0.146,kg/USD,,2022.0,EPA SCEF — Other Metal Valve and Pipe Fitting Manufacturing,,,,,N,,
1,spend,FL04,ProductGroup,FILTERS AIR - CAT 992,0.146,kg/USD,,2022.0,EPA SCEF — Other Metal Valve and Pipe Fitting Manufacturing,,,,,N,,
1,spend,FL05,ProductGroup,FILTERS OTHER- CAT 777,0.146,kg/USD,,2022.0,EPA SCEF — Other Metal Valve and Pipe Fitting Manufacturing,,,,,N,,
1,spend,FL08,ProductGroup,FILTERS OTHER- CAT 777,0.146,kg/USD,,2022.0,EPA SCEF — Other Metal Valve and Pipe Fitting Manufacturing,,,,,N,,
1,spend,FL19,ProductGroup,FILTERS AIR - HITACHI COMMON,0.146,kg/USD,,2022.0,EPA SCEF — Other Metal Valve and Pipe Fitting Manufacturing,,,,,N,,
1,spend,FL20,ProductGroup,FILTERS OTHER - HITACHI COMMON,0.146,kg/USD,,2022.0,EPA SCEF — Other Metal Valve and Pipe Fitting Manufacturing,,,,,N,,
1,spend,FL22,ProductGroup,FILTERS AIR - HITACHI EH3500,0.146,kg/USD,,2022.0,EPA SCEF — Other Metal Valve and Pipe Fitting Manufacturing,,,,,N,,
1,spend,FL23,ProductGroup,FILTERS OTHER - HITACHI EH3500,0.146,kg/USD,,2022.0,EPA SCEF — Other Metal Valve and Pipe Fitting Manufacturing,,,,,N,,
1,spend,FL26,ProductGroup,FILTERS OTHER - HITACHI EX3600,0.146,kg/USD,,2022.0,EPA SCEF — Other Metal Valve and Pipe Fitting Manufacturing,,,,,N,,
1,spend,FL29,ProductGroup,FILTERS OTHER- HITACHI EX1200,0.146,kg/USD,,2022.0,EPA SCEF — Other Metal Valve and Pipe Fitting Manufacturing,,,,,N,,
1,spend,FL32,ProductGroup,FILTERS OTHER - HITACHI EX2600,0.146,kg/USD,,2022.0,EPA SCEF — Other Metal Valve and Pipe Fitting Manufacturing,,,,,N,,
1,spend,FLOC,ProductGroup,FLOCCULANT,0.472,kg/USD,,2022.0,EPA SCEF — All Other Miscellaneous Chemical Product and Preparation Manufacturing,,325998.0,All Other Miscellaneous Chemical Product and Preparation Manufacturing,,N,,
1,spend,FLTA,ProductGroup,FILTERS - AIR,0.146,kg/USD,,2022.0,EPA SCEF — Other Metal Valve and Pipe Fitting Manufacturing,,,,,N,,
1,spend,FLTR,ProductGroup,FILTER OTHER,0.146,kg/USD,,2022.0,EPA SCEF — Other Metal Valve and Pipe Fitting Manufacturing,,,,,N,,
1,spend,FP01,ProductGroup,FXD PLT - CJ815 MECH,0.146,kg/USD,,2022.0,EPA SCEF — Other Metal Valve and Pipe Fitting Manufacturing,,,,,N,,
1,spend,FP03,ProductGroup,FXD PLT - FLSMIDTH PRIM CRUSH,0.146,kg/USD,,2022.0,EPA SCEF — Other Metal Valve and Pipe Fitting Manufacturing,,,,,N,,
1,spend,FP04,ProductGroup,FXD PLT - METSO MP1000 CRUSHER,0.146,kg/USD,,2022.0,EPA SCEF — Other Metal Valve and Pipe Fitting Manufacturing,,,,,N,,
1,spend,FP05,ProductGroup,FXD PLT - METSO HP800 CRUSHER,0.146,kg/USD,,2022.0,EPA SCEF — Other Metal Valve and Pipe Fitting Manufacturing,,,,,N,,
1,spend,FP06,ProductGroup,FXD PLT - TRANSMIN FEEDER,0.146,kg/USD,,2022.0,EPA SCEF — Other Metal Valve and Pipe Fitting Manufacturing,,,,,N,,
1,spend,FP07,ProductGroup,FXD PLT - STEINERT MAG BELT,0.146,kg/USD,,2022.0,EPA SCEF — Other Metal Valve and Pipe Fitting Manufacturing,,,,,N,,
1,spend,FP08,ProductGroup,FXD PLT - PIPING & SPOOLS,0.146,kg/USD,,2022.0,EPA SCEF — Other Metal Valve and Pipe Fitting Manufacturing,,,,,N,,
1,spend,FP09,ProductGroup,FXD PLT - CYCLONE SPARES,0.146,kg/USD,,2022.0,EPA SCEF — Other Metal Valve and Pipe Fitting Manufacturing,,,,,N,,
1,spend,FPES,ProductGroup,FIXED PLANT ELECTRICAL SPARES,0.146,kg/USD,,2022.0,EPA SCEF — Other Metal Valve and Pipe Fitting Manufacturing,,,,,N,,
1,spend,FPMS,ProductGroup,FIXED PLANT MECHANICAL SPARES,0.146,kg/USD,,2022.0,EPA SCEF — Other Metal Valve and Pipe Fitting Manufacturing,,,,,N,,
1,spend,GASC,ProductGroup,GAS - COMPRESSED,0.472,kg/USD,,2022.0,EPA SCEF — All Other Miscellaneous Chemical Product and Preparation Manufacturing,,,,,N,,
1,spend,GE01,ProductGroup,GET - CAT COMMON,0.349,kg/USD,,2022.0,EPA SCEF — Iron Foundries,,,,,N,,
1,spend,GE02,ProductGroup,GET - CAT 992,0.349,kg/USD,,2022.0,EPA SCEF — Iron Foundries,,,,,N,,
1,spend,GE06,ProductGroup,GET - HITACHI COMMON,0.349,kg/USD,,2022.0,EPA SCEF — Iron Foundries,,,,,N,,
1,spend,GE07,ProductGroup,GET - HITACHI EX3600,0.349,kg/USD,,2022.0,EPA SCEF — Iron Foundries,,,,,N,,
1,spend,GE08,ProductGroup,GET - HITACHI EX1200,0.349,kg/USD,,2022.0,EPA SCEF — Iron Foundries,,,,,N,,
1,spend,GE09,ProductGroup,GET - HITACHI EX2600,0.349,kg/USD,,2022.0,EPA SCEF — Iron Foundries,,,,,N,,
1,spend,GE10,ProductGroup,GET - LIEBHERR R9350,0.349,kg/USD,,2022.0,EPA SCEF — Iron Foundries,,,,,N,,
1,spend,GE20,ProductGroup,GET - KOMATSU WA500,0.349,kg/USD,,2022.0,EPA SCEF — Iron Foundries,,,,,N,,
1,spend,GE21,ProductGroup,GET - KOMATSU WA600,0.349,kg/USD,,2022.0,EPA SCEF — Iron Foundries,,,,,N,,
1,spend,GEAR,ProductGroup,GEARBOXES & COMPONENTS,0.349,kg/USD,,2022.0,EPA SCEF — Iron Foundries,,,,,N,,
1,spend,GENC,ProductGroup,CONSUMABLES - GENERAL,0.472,kg/USD,,2022.0,EPA SCEF — All Other Miscellaneous Chemical Product and Preparation Manufacturing,,,,,N,,
1,spend,GETS,ProductGroup,GROUND ENGAGING TOOLS,0.349,kg/USD,,2022.0,EPA SCEF — Iron Foundries,,,,,N,,
1,spend,GMED,ProductGroup,GRINDING MEDIA,0.349,kg/USD,,2022.0,EPA SCEF — Iron Foundries,,331511.0,Iron Foundries,,N,,
1,spend,HIRE,ProductGroup,EQUIPMENT HIRE,0.106,kg/USD,,2022.0,"EPA SCEF — Construction, Mining, and Forestry Machinery and Equipment Rental and Leasing",,,,,N,,
1,spend,HO02,ProductGroup,HOSES - CAT 777,0.146,kg/USD,,2022.0,EPA SCEF — Other Metal Valve and Pipe Fitting Manufacturing,,,,,N,,
1,spend,HO06,ProductGroup,HOSES - HITACHI COMMON,0.146,kg/USD,,2022.0,EPA SCEF — Other Metal Valve and Pipe Fitting Manufacturing,,,,,N,,
1,spend,HO07,ProductGroup,HOSES - HITACHI EH3500,0.146,kg/USD,,2022.0,EPA SCEF — Other Metal Valve and Pipe Fitting Manufacturing,,,,,N,,
1,spend,HO08,ProductGroup,HOSES - HITACHI EX3600,0.146,kg/USD,,2022.0,EPA SCEF — Other Metal Valve and Pipe Fitting Manufacturing,,,,,N,,
1,spend,HO09,ProductGroup,HOSES - HITACHI EX1200,0.146,kg/USD,,2022.0,EPA SCEF — Other Metal Valve and Pipe Fitting Manufacturing,,,,,N,,
1,spend,HO10,ProductGroup,HOSES - HITACHI EX2600,0.146,kg/USD,,2022.0,EPA SCEF — Other Metal Valve and Pipe Fitting Manufacturing,,,,,N,,
1,spend,HOSE,ProductGroup,HOSES,0.313,kg/USD,,2022.0,EPA SCEF — Rubber Product Manufacturing for Mechanical Use,,,,,N,,
1,spend,INST,ProductGroup,INSTRUMENTATION,0.08,kg/USD,,2022.0,EPA SCEF — Other Electronic Component Manufacturing,,,,,N,,
1,spend,LABC,ProductGroup,"LAB CONSUMABLES, GAS & CHEMLS",0.472,kg/USD,,2022.0,EPA SCEF — All Other Miscellaneous Chemical Product and Preparation Manufacturing,,,,,N,,
1,spend,LEAC,ProductGroup,LEACH AID,0.472,kg/USD,,2022.0,EPA SCEF — All Other Miscellaneous Chemical Product and Preparation Manufacturing,,325998.0,All Other Miscellaneous Chemical Product and Preparation Manufacturing,,N,,
1,spend,LIME,ProductGroup,LIME,1.56,kg/USD,,2022.0,EPA SCEF — Lime Manufacturing,,327410.0,Lime Manufacturing,,N,,
1,spend,LSUP,ProductGroup,LABORATORY OTHER,0.472,kg/USD,,2022.0,EPA SCEF — All Other Miscellaneous Chemical Product and Preparation Manufacturing,,,,,N,,
1,spend,MCON,ProductGroup,MAINTENANCE CONSUMABLES,0.472,kg/USD,,2022.0,EPA SCEF — All Other Miscellaneous Chemical Product and Preparation Manufacturing,,,,,N,,
1,spend,MEDS,ProductGroup,MEDICAL SUPPLIES,0.472,kg/USD,,2022.0,EPA SCEF — All Other Miscellaneous Chemical Product and Preparation Manufacturing,,,,,N,,
1,spend,MP01,ProductGroup,MBL PLNT - CAT COMMON,0.146,kg/USD,,2022.0,EPA SCEF — Other Metal Valve and Pipe Fitting Manufacturing,,,,,N,,
1,spend,MP03,ProductGroup,MBL PLNT - CAT 777,0.146,kg/USD,,2022.0,EPA SCEF — Other Metal Valve and Pipe Fitting Manufacturing,,,,,N,,
1,spend,MP05,ProductGroup,MBL PLNT - CAT 992,0.146,kg/USD,,2022.0,EPA SCEF — Other Metal Valve and Pipe Fitting Manufacturing,,,,,N,,
1,spend,MP06,ProductGroup,MBL PLNT - CAT D10T2,0.146,kg/USD,,2022.0,EPA SCEF — Other Metal Valve and Pipe Fitting Manufacturing,,,,,N,,
1,spend,MP07,ProductGroup,MBL PLNT - CAT 775G,0.146,kg/USD,,2022.0,EPA SCEF — Other Metal Valve and Pipe Fitting Manufacturing,,,,,N,,
1,spend,MP08,ProductGroup,MBL PLNT - CAT 18,0.146,kg/USD,,2022.0,EPA SCEF — Other Metal Valve and Pipe Fitting Manufacturing,,,,,N,,
1,spend,MP09,ProductGroup,MBL PLNT - CAT 854K,0.146,kg/USD,,2022.0,EPA SCEF — Other Metal Valve and Pipe Fitting Manufacturing,,,,,N,,
1,spend,MP11,ProductGroup,MBL PLNT - HITACHI COMMON,0.146,kg/USD,,2022.0,EPA SCEF — Other Metal Valve and Pipe Fitting Manufacturing,,,,,N,,
1,spend,MP13,ProductGroup,MBL PLNT - HITACHI EH3500,0.146,kg/USD,,2022.0,EPA SCEF — Other Metal Valve and Pipe Fitting Manufacturing,,,,,N,,
1,spend,MP15,ProductGroup,MBL PLNT - HITACHI EX3600,0.146,kg/USD,,2022.0,EPA SCEF — Other Metal Valve and Pipe Fitting Manufacturing,,,,,N,,
1,spend,MP17,ProductGroup,MBL PLNT - HITACHI EX1200,0.146,kg/USD,,2022.0,EPA SCEF — Other Metal Valve and Pipe Fitting Manufacturing,,,,,N,,
1,spend,MP19,ProductGroup,MBL PLNT - HITACHI EX2600,0.146,kg/USD,,2022.0,EPA SCEF — Other Metal Valve and Pipe Fitting Manufacturing,,,,,N,,
1,spend,MP29,ProductGroup,MBL PLNT - LIEBHERR R9350,0.146,kg/USD,,2022.0,EPA SCEF — Other Metal Valve and Pipe Fitting Manufacturing,,,,,N,,
1,spend,MP30,ProductGroup,MBL PLNT - KOMAT COMMON,0.146,kg/USD,,2022.0,EPA SCEF — Other Metal Valve and Pipe Fitting Manufacturing,,,,,N,,
1,spend,MP31,ProductGroup,MBL PLNT - EXCAVATOR BUCKETS,0.146,kg/USD,,2022.0,EPA SCEF — Other Metal Valve and Pipe Fitting Manufacturing,,,,,N,,
1,spend,MPES,ProductGroup,MOBILE PLANT SPARES - ELECT,0.146,kg/USD,,2022.0,EPA SCEF — Other Metal Valve and Pipe Fitting Manufacturing,,,,,N,,
1,spend,MPMS,ProductGroup,MOBILE PLANT SPARES - MECH,0.146,kg/USD,,2022.0,EPA SCEF — Other Metal Valve and Pipe Fitting Manufacturing,,,,,N,,
1,spend,MTRE,ProductGroup,MOTORS - ELECTRICAL,0.223,kg/USD,,2022.0,"EPA SCEF — Measuring, Dispensing, and Other Pumping Equipment Manufacturing",,,,,N,,
1,spend,NACL,ProductGroup,SODIUM CHLORITE,0.974,kg/USD,,2022.0,EPA SCEF — Other Basic Inorganic Chemical Manufacturing,,325180.0,Other Basic Inorganic Chemical Manufacturing,,N,,
1,spend,NAHY,ProductGroup,SODIUM HYPOCHLORITE,0.974,kg/USD,,2022.0,EPA SCEF — Other Basic Inorganic Chemical Manufacturing,,325180.0,Other Basic Inorganic Chemical Manufacturing,,N,,
1,spend,NITR,ProductGroup,NITROGEN,1.163,kg/USD,,2022.0,EPA SCEF — Industrial Gas Manufacturing,,325120.0,Industrial Gas Manufacturing,,N,,
1,spend,OFIS,ProductGroup,OFFICE SUPPLIES & CONSUMABLES,0.472,kg/USD,,2022.0,EPA SCEF — All Other Miscellaneous Chemical Product and Preparation Manufacturing,,,,,N,,
1,spend,OXYG,ProductGroup,OXYGEN - BULK,1.163,kg/USD,,2022.0,EPA SCEF — Industrial Gas Manufacturing,,,,,N,,
1,spend,PFIT,ProductGroup,PIPES AND FITTINGS,0.769,kg/USD,,2022.0,EPA SCEF — Iron and Steel Mills and Ferroalloy Manufacturing,,,,,N,,
1,spend,PLUM,ProductGroup,PLUMBING FITTINGS & SUPPLIES,0.769,kg/USD,,2022.0,EPA SCEF — Iron and Steel Mills and Ferroalloy Manufacturing,,,,,N,,
1,spend,PU01,ProductGroup,PUMP LINERS,0.47,kg/USD,,2022.0,EPA SCEF — Iron and Steel Forging,,,,,N,,
1,spend,PU02,ProductGroup,PUMP IMPELLERS,0.47,kg/USD,,2022.0,EPA SCEF — Iron and Steel Forging,,,,,N,,
1,spend,PU03,ProductGroup,PUMP GLANDS & PACKING,0.47,kg/USD,,2022.0,EPA SCEF — Iron and Steel Forging,,,,,N,,
1,spend,PU04,ProductGroup,PUMP STUFFING BOXES,0.47,kg/USD,,2022.0,EPA SCEF — Iron and Steel Forging,,,,,N,,
1,spend,PU05,ProductGroup,PUMP BARRELS,0.47,kg/USD,,2022.0,EPA SCEF — Iron and Steel Forging,,,,,N,,
1,spend,PU06,ProductGroup,PUMP DOSING,0.47,kg/USD,,2022.0,EPA SCEF — Iron and Steel Forging,,,,,N,,
1,spend,PU09,ProductGroup,PUMP MISC,0.47,kg/USD,,2022.0,EPA SCEF — Iron and Steel Forging,,,,,N,,
1,spend,PU10,ProductGroup,PUMP LABYRINTHS,0.47,kg/USD,,2022.0,EPA SCEF — Iron and Steel Forging,,,,,N,,
1,spend,PU12,ProductGroup,PUMP THROATBUSHS,0.47,kg/USD,,2022.0,EPA SCEF — Iron and Steel Forging,,,,,N,,
1,spend,PU13,ProductGroup,PUMP BOLTS + NUTS,0.47,kg/USD,,2022.0,EPA SCEF — Iron and Steel Forging,,,,,N,,
1,spend,PU14,ProductGroup,PUMP COVERS,0.47,kg/USD,,2022.0,EPA SCEF — Iron and Steel Forging,,,,,N,,
1,spend,PU15,ProductGroup,PUMP O RINGS,0.47,kg/USD,,2022.0,EPA SCEF — Iron and Steel Forging,,,,,N,,
1,spend,PU16,ProductGroup,PUMP PLATES,0.47,kg/USD,,2022.0,EPA SCEF — Iron and Steel Forging,,,,,N,,
1,spend,PU17,ProductGroup,PUMP RESTRICTORS,0.47,kg/USD,,2022.0,EPA SCEF — Iron and Steel Forging,,,,,N,,
1,spend,PU18,ProductGroup,PUMP SHAFTS,0.47,kg/USD,,2022.0,EPA SCEF — Iron and Steel Forging,,,,,N,,
1,spend,PU19,ProductGroup,PUMP SLEEVE SHAFTS,0.47,kg/USD,,2022.0,EPA SCEF — Iron and Steel Forging,,,,,N,,
1,spend,PU20,ProductGroup,PUMP STUDS,0.47,kg/USD,,2022.0,EPA SCEF — Iron and Steel Forging,,,,,N,,
1,spend,PU23,ProductGroup,PUMP SEALS,0.47,kg/USD,,2022.0,EPA SCEF — Iron and Steel Forging,,,,,N,,
1,spend,PU24,ProductGroup,PUMP RELATED RINGS,0.47,kg/USD,,2022.0,EPA SCEF — Iron and Steel Forging,,,,,N,,
1,spend,PU25,ProductGroup,PUMP SPACERS,0.47,kg/USD,,2022.0,EPA SCEF — Iron and Steel Forging,,,,,N,,
1,spend,PUMP,ProductGroup,PUMP PARTS,0.47,kg/USD,,2022.0,EPA SCEF — Iron and Steel Forging,,,,,N,,
1,spend,REPA,ProductGroup,REPAIRS & MAINTENANCE - GENERA,0.136,kg/USD,,2022.0,EPA SCEF — Commercial and Industrial Machinery and Equipment (except Automotive and Electronic) Repair and Maintenance,,,,,N,,
1,spend,SA01,ProductGroup,SAFETY - GLOVES,0.472,kg/USD,,2022.0,EPA SCEF — All Other Miscellaneous Chemical Product and Preparation Manufacturing,,,,,N,,
1,spend,SA02,ProductGroup,SAFETY - EYE PROTECTION,0.472,kg/USD,,2022.0,EPA SCEF — All Other Miscellaneous Chemical Product and Preparation Manufacturing,,,,,N,,
1,spend,SA03,ProductGroup,SAFETY - UNIFORMS,0.472,kg/USD,,2022.0,EPA SCEF — All Other Miscellaneous Chemical Product and Preparation Manufacturing,,,,,N,,
1,spend,SA04,ProductGroup,SAFETY - FOOTWARE,0.472,kg/USD,,2022.0,EPA SCEF — All Other Miscellaneous Chemical Product and Preparation Manufacturing,,,,,N,,
1,spend,SA05,ProductGroup,SAFETY - OTHER CLOTHING,0.472,kg/USD,,2022.0,EPA SCEF — All Other Miscellaneous Chemical Product and Preparation Manufacturing,,,,,N,,
1,spend,SAFC,ProductGroup,SAFETY GENERAL CONSUMABLES,0.472,kg/USD,,2022.0,EPA SCEF — All Other Miscellaneous Chemical Product and Preparation Manufacturing,,,,,N,,
1,spend,SAFG,ProductGroup,SAFETY EQUIPMENT - GENERAL,0.472,kg/USD,,2022.0,EPA SCEF — All Other Miscellaneous Chemical Product and Preparation Manufacturing,,,,,N,,
1,spend,SCRM,ProductGroup,SCREEN MEDIA,0.769,kg/USD,,2022.0,EPA SCEF — Iron and Steel Mills and Ferroalloy Manufacturing,,,,,N,,
1,spend,SCRN,ProductGroup,SCREENS SPARES,0.349,kg/USD,,2022.0,EPA SCEF — Iron Foundries,,,,,N,,
1,spend,SEAL,ProductGroup,"SEALS, PACKING & GASKETS",0.313,kg/USD,,2022.0,EPA SCEF — Rubber Product Manufacturing for Mechanical Use,,,,,N,,
1,spend,SEWG,ProductGroup,SEWAGE TREATMENT,0.974,kg/USD,,2022.0,EPA SCEF — Other Basic Inorganic Chemical Manufacturing,,325180.0,Other Basic Inorganic Chemical Manufacturing,,N,,
1,spend,SIGN,ProductGroup,SIGNS,0.472,kg/USD,,2022.0,EPA SCEF — All Other Miscellaneous Chemical Product and Preparation Manufacturing,,,,,N,,
1,spend,SODA,ProductGroup,SODA ASH,0.974,kg/USD,,2022.0,EPA SCEF — Other Basic Inorganic Chemical Manufacturing,,325180.0,Other Basic Inorganic Chemical Manufacturing,,N,,
1,spend,STEL,ProductGroup,"STEEL PLATE, BAR & TUBE",0.769,kg/USD,,2022.0,EPA SCEF — Iron and Steel Mills and Ferroalloy Manufacturing,,,,,N,,
1,spend,STUL,ProductGroup,SMALL TOOLS AND MINOR EQUIPMEN,0.472,kg/USD,,2022.0,EPA SCEF — All Other Miscellaneous Chemical Product and Preparation Manufacturing,,,,,N,,
1,spend,SWGR,ProductGroup,SWITCHGEAR,0.08,kg/USD,,2022.0,EPA SCEF — Other Electronic Component Manufacturing,,,,,N,,
1,spend,TY01,ProductGroup,TYRES,0.313,kg/USD,,2022.0,EPA SCEF — Rubber Product Manufacturing for Mechanical Use,,326211.0,Tire Manufacturing (except Retreading),,N,,
1,spend,TY02,ProductGroup,RIMS,0.313,kg/USD,,2022.0,EPA SCEF — Rubber Product Manufacturing for Mechanical Use,,,,,N,,
1,spend,TY03,ProductGroup,TUBES,0.313,kg/USD,,2022.0,EPA SCEF — Rubber Product Manufacturing for Mechanical Use,,,,,N,,
1,spend,TY04,ProductGroup,TYRE ACCESSORIES,0.313,kg/USD,,2022.0,EPA SCEF — Rubber Product Manufacturing for Mechanical Use,,,,,N,,
1,spend,TYRE,ProductGroup,"TYRES, WHEELS RIMS & TUBES",0.313,kg/USD,,2022.0,EPA SCEF — Rubber Product Manufacturing for Mechanical Use,,,,,N,,
1,spend,VALV,ProductGroup,VALVES,0.47,kg/USD,,2022.0,EPA SCEF — Iron and Steel Forging,,,,,N,,
1,spend,VENT,ProductGroup,VENTILATION SUPPLIES,0.472,kg/USD,,2022.0,EPA SCEF — All Other Miscellaneous Chemical Product and Preparation Manufacturing,,,,,N,,
1,spend,WELD,ProductGroup,WELDING SUPPLIES & GASSES,0.769,kg/USD,,2022.0,EPA SCEF — Iron and Steel Mills and Ferroalloy Manufacturing,,,,,N,,
1,spend,WGAS,ProductGroup,WELDING GAS,1.163,kg/USD,,2022.0,EPA SCEF — Industrial Gas Manufacturing,,325120.0,Industrial Gas Manufacturing,,N,,
1,spend,WR01,ProductGroup,WEAR PARTS - MILL 1 LINERS,0.349,kg/USD,,2022.0,EPA SCEF — Iron Foundries,,,,,N,,
1,spend,WR02,ProductGroup,WEAR PARTS - MILL 2 LINERS,0.349,kg/USD,,2022.0,EPA SCEF — Iron Foundries,,,,,N,,
1,spend,WR03,ProductGroup,WEAR PARTS - MILL 3 LINERS,0.349,kg/USD,,2022.0,EPA SCEF — Iron Foundries,,,,,N,,
1,spend,WR04,ProductGroup,WEAR PARTS - MILL 4 LINERS,0.349,kg/USD,,2022.0,EPA SCEF — Iron Foundries,,,,,N,,
1,spend,WRCH,ProductGroup,WEAR PLATES - CHUTES,0.769,kg/USD,,2022.0,EPA SCEF — Iron and Steel Mills and Ferroalloy Manufacturing,,,,,N,,
1,spend,WRFE,ProductGroup,WEAR PARTS - TERT FEEDERS,0.769,kg/USD,,2022.0,EPA SCEF — Iron and Steel Mills and Ferroalloy Manufacturing,,,,,N,,
1,spend,WRML,ProductGroup,WEAR PARTS - MILLS,0.769,kg/USD,,2022.0,EPA SCEF — Iron and Steel Mills and Ferroalloy Manufacturing,,,,,N,,
1,spend,WRPC,ProductGroup,WEAR PARTS - PRIMARY CRUSHER,0.769,kg/USD,,2022.0,EPA SCEF — Iron and Steel Mills and Ferroalloy Manufacturing,,,,,N,,
1,spend,WRRC,ProductGroup,WEAR PARTS - RECYCLE CRUSHER,0.769,kg/USD,,2022.0,EPA SCEF — Iron and Steel Mills and Ferroalloy Manufacturing,,,,,N,,
2,capital,"Building construction, commercial and office",AssetClass,Commercial and Institutional Building Construction,140.9,t CO2-e per $1M AUD,,2022.0,"US EPA SCEF v1.3, band calibrated to AUD",without margins,236220.0,Commercial and Institutional Building Construction,,N,,
2,capital,Concrete foundations and plinths,AssetClass,Poured Concrete Foundation and Structure Contractors,139.0,t CO2-e per $1M AUD,,2022.0,"US EPA SCEF v1.3, band calibrated to AUD",without margins,238110.0,Poured Concrete Foundation and Structure Contractors,,N,,
2,capital,"Design and engineering, external",AssetClass,Engineering Services,64.8,t CO2-e per $1M AUD,,2022.0,"US EPA SCEF v1.3, band calibrated to AUD",without margins,541330.0,Engineering Services,,N,,
2,capital,Electrical installation and cabling,AssetClass,Electrical Contractors and Other Wiring Installation,139.0,t CO2-e per $1M AUD,,2022.0,"US EPA SCEF v1.3, band calibrated to AUD",without margins,238210.0,Electrical Contractors and Other Wiring Installation,,N,,
2,capital,"Forklifts, stackers, yard tractors",AssetClass,"Industrial Truck, Tractor, Trailer and Stacker Machinery Mfg",147.2,t CO2-e per $1M AUD,,2022.0,"US EPA SCEF v1.3, band calibrated to AUD",without margins,333924.0,"Industrial Truck, Tractor, Trailer and Stacker Machinery Mfg",,N,,
2,capital,Heavy road trucks,AssetClass,Heavy Duty Truck Manufacturing,164.8,t CO2-e per $1M AUD,,2022.0,"US EPA SCEF v1.3, band calibrated to AUD",without margins,336120.0,Heavy Duty Truck Manufacturing,,N,,
2,capital,Industrial building construction,AssetClass,Industrial Building Construction,150.3,t CO2-e per $1M AUD,,2022.0,"US EPA SCEF v1.3, band calibrated to AUD",without margins,236210.0,Industrial Building Construction,,N,,
2,capital,"Kilns, furnaces and ovens",AssetClass,Industrial Process Furnace and Oven Manufacturing,105.7,t CO2-e per $1M AUD,,2022.0,"US EPA SCEF v1.3, band calibrated to AUD",without margins,333994.0,Industrial Process Furnace and Oven Manufacturing,,N,,
2,capital,Light vehicles and utilities,AssetClass,Light Truck and Utility Vehicle Manufacturing,151.6,t CO2-e per $1M AUD,,2022.0,"US EPA SCEF v1.3, band calibrated to AUD",without margins,336112.0,Light Truck and Utility Vehicle Manufacturing,,N,,
2,capital,"Mechanical installation, specialty trades",AssetClass,All Other Specialty Trade Contractors,139.0,t CO2-e per $1M AUD,,2022.0,"US EPA SCEF v1.3, band calibrated to AUD",without margins,238990.0,All Other Specialty Trade Contractors,,N,,
2,capital,"Mobile mining plant, dozers, graders",AssetClass,Construction Machinery Manufacturing,126.4,t CO2-e per $1M AUD,,2022.0,"US EPA SCEF v1.3, band calibrated to AUD",without margins,333120.0,Construction Machinery Manufacturing,,N,,
2,capital,Motors and generators,AssetClass,Motor and Generator Manufacturing,83.7,t CO2-e per $1M AUD,,2022.0,"US EPA SCEF v1.3, band calibrated to AUD",without margins,335312.0,Motor and Generator Manufacturing,,N,,
2,capital,Office furniture and fit-out,AssetClass,Office Furniture (except Wood) Manufacturing,115.7,t CO2-e per $1M AUD,,2022.0,"US EPA SCEF v1.3, band calibrated to AUD",without margins,337214.0,Office Furniture (except Wood) Manufacturing,,N,,
2,capital,Other industrial machinery,AssetClass,Other Industrial Machinery Manufacturing,104.4,t CO2-e per $1M AUD,,2022.0,"US EPA SCEF v1.3, band calibrated to AUD",without margins,333249.0,Other Industrial Machinery Manufacturing,,N,,
2,capital,Power transformers,AssetClass,"Power, Distribution, and Specialty Transformer Manufacturing",74.2,t CO2-e per $1M AUD,,2022.0,"US EPA SCEF v1.3, band calibrated to AUD",without margins,335311.0,"Power, Distribution, and Specialty Transformer Manufacturing",,N,,
2,capital,Prefabricated timber buildings,AssetClass,Prefabricated Wood Building Manufacturing,84.9,t CO2-e per $1M AUD,,2022.0,"US EPA SCEF v1.3, band calibrated to AUD",without margins,321992.0,Prefabricated Wood Building Manufacturing,,N,,
2,capital,Protection relays and control systems,AssetClass,Relay and Industrial Control Manufacturing,75.5,t CO2-e per $1M AUD,,2022.0,"US EPA SCEF v1.3, band calibrated to AUD",without margins,335314.0,Relay and Industrial Control Manufacturing,,N,,
2,capital,STATCOM and power electronics,AssetClass,All Other Miscellaneous Electrical Equipment and Component Mfg,70.4,t CO2-e per $1M AUD,,2022.0,"US EPA SCEF v1.3, band calibrated to AUD",without margins,335999.0,All Other Miscellaneous Electrical Equipment and Component Mfg,,N,,
2,capital,"Structural steel, gantries, frames",AssetClass,Fabricated Structural Metal Manufacturing,154.7,t CO2-e per $1M AUD,,2022.0,"US EPA SCEF v1.3, band calibrated to AUD",without margins,332312.0,Fabricated Structural Metal Manufacturing,,N,,
2,capital,Substation civil and earthworks,AssetClass,Other Heavy and Civil Engineering Construction,127.1,t CO2-e per $1M AUD,,2022.0,"US EPA SCEF v1.3, band calibrated to AUD",without margins,237990.0,Other Heavy and Civil Engineering Construction,,N,,
2,capital,"Switchgear, circuit breakers, metering",AssetClass,Switchgear and Switchboard Apparatus Manufacturing,96.2,t CO2-e per $1M AUD,,2022.0,"US EPA SCEF v1.3, band calibrated to AUD",without margins,335313.0,Switchgear and Switchboard Apparatus Manufacturing,,N,,
2,capital,Tanks and heavy gauge vessels,AssetClass,Metal Tank (Heavy Gauge) Manufacturing,167.9,t CO2-e per $1M AUD,,2022.0,"US EPA SCEF v1.3, band calibrated to AUD",without margins,332420.0,Metal Tank (Heavy Gauge) Manufacturing,,N,,
2,capital,Tractors and agricultural plant,AssetClass,Farm Machinery and Equipment Manufacturing,120.1,t CO2-e per $1M AUD,,2022.0,"US EPA SCEF v1.3, band calibrated to AUD",without margins,333111.0,Farm Machinery and Equipment Manufacturing,,N,,
2,capital,Trailers and floats,AssetClass,Truck Trailer Manufacturing,116.4,t CO2-e per $1M AUD,,2022.0,"US EPA SCEF v1.3, band calibrated to AUD",without margins,336212.0,Truck Trailer Manufacturing,,N,,
2,capital,Transmission and distribution lines,AssetClass,Power and Communication Line and Related Structures Construction,174.2,t CO2-e per $1M AUD,,2022.0,"US EPA SCEF v1.3, band calibrated to AUD",without margins,237130.0,Power and Communication Line and Related Structures Construction,,N,,
2,capital,Transportable and modular buildings,AssetClass,Prefabricated Metal Building and Component Manufacturing,154.7,t CO2-e per $1M AUD,,2022.0,"US EPA SCEF v1.3, band calibrated to AUD",without margins,332311.0,Prefabricated Metal Building and Component Manufacturing,,N,,
4,excluded,FUEL,ProductGroup,DIESEL & PETROL,,,,2022.0,,,,,,Y,Inbound freight is inside the Category 3 well to tank coefficient.,
4,excluded,LABO,ProductGroup,LABOUR TYPE,,,,2022.0,,,,,,Y,Inbound freight is inside the Category 3 well to tank coefficient.,
4,excluded,LUBR,ProductGroup,LUBRICANTS,,,,2022.0,,,,,,Y,As above.,
4,excluded,PROP,ProductGroup,PROPANE,,,,2022.0,,,,,,Y,As above.,
4,excluded,ZDEL,ProductGroup,Deleted Items,,,,2022.0,,,,,,Y,Inbound freight is inside the Category 3 well to tank coefficient.,
4,excluded,ZZZZ,ProductGroup,Generic - To Be Corrected,,,,2022.0,,,,,,Y,Inbound freight is inside the Category 3 well to tank coefficient.,
4,spend,ACID,ProductGroup,ACID,0.036,kg/USD,,2022.0,EPA SCEF Margins — Other Basic Inorganic Chemical Manufacturing,,,,,N,,
4,spend,ANTI,ProductGroup,ANTISCALANT,0.028,kg/USD,,2022.0,EPA SCEF Margins — All Other Miscellaneous Chemical Product and Preparation Manufacturing,,325998.0,All Other Miscellaneous Chemical Product and Preparation Manufacturing,,N,,
4,spend,BATT,ProductGroup,BATTERIES,0.028,kg/USD,,2022.0,EPA SCEF Margins — All Other Miscellaneous Chemical Product and Preparation Manufacturing,,,,,N,,
4,spend,BE01,ProductGroup,BELTS - VEE,0.019,kg/USD,,2022.0,EPA SCEF Margins — Motor and Generator Manufacturing,,,,,N,,
4,spend,BELT,ProductGroup,BELTS,0.019,kg/USD,,2022.0,EPA SCEF Margins — Motor and Generator Manufacturing,,,,,N,,
4,spend,BMAT,ProductGroup,BUILDING MATERIALS,0.018,kg/USD,,2022.0,EPA SCEF Margins — Iron and Steel Mills and Ferroalloy Manufacturing,,,,,N,,
4,spend,BOM,ProductGroup,BOM'S,0.028,kg/USD,,2022.0,EPA SCEF Margins — All Other Miscellaneous Chemical Product and Preparation Manufacturing,,,,,N,,
4,spend,BR01,ProductGroup,BEARINGS - BEARINGS,0.019,kg/USD,,2022.0,EPA SCEF Margins — Motor and Generator Manufacturing,,,,,N,,
4,spend,BR02,ProductGroup,BEARINGS - ADAPTOR SLEEVES,0.019,kg/USD,,2022.0,EPA SCEF Margins — Motor and Generator Manufacturing,,,,,N,,
4,spend,BR03,ProductGroup,BEARINGS - TAPERLOCK BUSHES,0.019,kg/USD,,2022.0,EPA SCEF Margins — Motor and Generator Manufacturing,,,,,N,,
4,spend,BR04,ProductGroup,BEARINGS - HOUSINGS,0.019,kg/USD,,2022.0,EPA SCEF Margins — Motor and Generator Manufacturing,,,,,N,,
4,spend,BR05,ProductGroup,BEARINGS - SEALS,0.019,kg/USD,,2022.0,EPA SCEF Margins — Motor and Generator Manufacturing,,,,,N,,
4,spend,BR06,ProductGroup,BEARINGS - SPACER RINGS,0.019,kg/USD,,2022.0,EPA SCEF Margins — Motor and Generator Manufacturing,,,,,N,,
4,spend,BR07,ProductGroup,BEARINGS - VEE PULLEYS,0.019,kg/USD,,2022.0,EPA SCEF Margins — Motor and Generator Manufacturing,,,,,N,,
4,spend,BRNG,ProductGroup,BEARINGS & PWR TRANSMISSION EQ,0.019,kg/USD,,2022.0,EPA SCEF Margins — Motor and Generator Manufacturing,,,,,N,,
4,spend,CABE,ProductGroup,CABLE ELECTRICAL,0.019,kg/USD,,2022.0,EPA SCEF Margins — Other Electronic Component Manufacturing,,,,,N,,
4,spend,CARB,ProductGroup,CARBON,0.028,kg/USD,,2022.0,EPA SCEF Margins — All Other Miscellaneous Chemical Product and Preparation Manufacturing,,,,,N,,
4,spend,CAUS,ProductGroup,CAUSTIC,0.036,kg/USD,,2022.0,EPA SCEF Margins — Other Basic Inorganic Chemical Manufacturing,,,,,N,,
4,spend,CEMT,ProductGroup,CEMENT,0.078,kg/USD,,2022.0,EPA SCEF Margins — Cement Manufacturing,,327310.0,Cement Manufacturing,,N,,
4,spend,CHEM,ProductGroup,CHEMICALS,0.036,kg/USD,,2022.0,EPA SCEF Margins — Other Basic Inorganic Chemical Manufacturing,,,,,N,,
4,spend,CMPM,ProductGroup,COMPRESSOR SPARES MECHANICAL,0.028,kg/USD,,2022.0,EPA SCEF Margins — All Other Miscellaneous Chemical Product and Preparation Manufacturing,,,,,N,,
4,spend,COMH,ProductGroup,COMMS HARDWARE,0.019,kg/USD,,2022.0,EPA SCEF Margins — Other Electronic Component Manufacturing,,,,,N,,
4,spend,CORE,ProductGroup,CORE CHARGE,0.028,kg/USD,,2022.0,EPA SCEF Margins — All Other Miscellaneous Chemical Product and Preparation Manufacturing,,,,,N,,
4,spend,CRSH,ProductGroup,CRUSHER SPARES,0.023,kg/USD,,2022.0,EPA SCEF Margins — Iron and Steel Forging,,,,,N,,
4,spend,CV01,ProductGroup,CONVEYOR BELTING,0.028,kg/USD,,2022.0,EPA SCEF Margins — Rubber and Plastics Hoses and Belting Manufacturing,,,,,N,,
4,spend,CV02,ProductGroup,CONVEYOR FRAMES,0.028,kg/USD,,2022.0,EPA SCEF Margins — Rubber and Plastics Hoses and Belting Manufacturing,,,,,N,,
4,spend,CV03,ProductGroup,CONVEYOR ROLLERS,0.028,kg/USD,,2022.0,EPA SCEF Margins — Rubber and Plastics Hoses and Belting Manufacturing,,,,,N,,
4,spend,CV04,ProductGroup,CONVEYOR SCRAPERS,0.028,kg/USD,,2022.0,EPA SCEF Margins — Rubber and Plastics Hoses and Belting Manufacturing,,,,,N,,
4,spend,CV05,ProductGroup,CONVEYOR PULLEYS,0.028,kg/USD,,2022.0,EPA SCEF Margins — Rubber and Plastics Hoses and Belting Manufacturing,,,,,N,,
4,spend,CV06,ProductGroup,CONVEYOR OTHER,0.028,kg/USD,,2022.0,EPA SCEF Margins — Rubber and Plastics Hoses and Belting Manufacturing,,,,,N,,
4,spend,CV07,ProductGroup,CONVEYOR SKIRTING,0.028,kg/USD,,2022.0,EPA SCEF Margins — Rubber and Plastics Hoses and Belting Manufacturing,,,,,N,,
4,spend,CV08,ProductGroup,CONVEYOR GEARBOXES,0.028,kg/USD,,2022.0,EPA SCEF Margins — Rubber and Plastics Hoses and Belting Manufacturing,,,,,N,,
4,spend,CV09,ProductGroup,CONVEYOR GEARBOX COMPONENTS,0.028,kg/USD,,2022.0,EPA SCEF Margins — Rubber and Plastics Hoses and Belting Manufacturing,,,,,N,,
4,spend,CYAN,ProductGroup,CYANIDE,0.036,kg/USD,,2022.0,EPA SCEF Margins — Other Basic Inorganic Chemical Manufacturing,,325180.0,Other Basic Inorganic Chemical Manufacturing,,N,,
4,spend,DEGR,ProductGroup,DEGREASER,0.04,kg/USD,,2022.0,EPA SCEF Margins — Soap and Other Detergent Manufacturing,,325611.0,Soap and Other Detergent Manufacturing,,N,,
4,spend,DUST,ProductGroup,DUST SUPPRESSANT,0.028,kg/USD,,2022.0,EPA SCEF Margins — All Other Miscellaneous Chemical Product and Preparation Manufacturing,,325998.0,All Other Miscellaneous Chemical Product and Preparation Manufacturing,,N,,
4,spend,ECON,ProductGroup,ELECTRICAL CONSUMABLES,0.019,kg/USD,,2022.0,EPA SCEF Margins — Other Electronic Component Manufacturing,,,,,N,,
4,spend,ELRE,ProductGroup,ELECTRICAL RETICULATION,0.019,kg/USD,,2022.0,EPA SCEF Margins — Other Electronic Component Manufacturing,,,,,N,,
4,spend,EQIP,ProductGroup,EQUIPMENT PURCHASES,0.028,kg/USD,,2022.0,EPA SCEF Margins — All Other Miscellaneous Chemical Product and Preparation Manufacturing,,,,,N,,
4,spend,EXPL,ProductGroup,EXPLOSIVES,0.028,kg/USD,,2022.0,EPA SCEF Margins — Explosives Manufacturing,,325920.0,Explosives Manufacturing,,N,,
4,spend,FAST,ProductGroup,FASTENERS AND BOLTING,0.018,kg/USD,,2022.0,EPA SCEF Margins — Iron and Steel Mills and Ferroalloy Manufacturing,,,,,N,,
4,spend,FL01,ProductGroup,FILTERS AIR - CAT COMMON,0.027,kg/USD,,2022.0,EPA SCEF Margins — Other Metal Valve and Pipe Fitting Manufacturing,,,,,N,,
4,spend,FL02,ProductGroup,FILTERS OTHER - CAT COMMON,0.027,kg/USD,,2022.0,EPA SCEF Margins — Other Metal Valve and Pipe Fitting Manufacturing,,,,,N,,
4,spend,FL04,ProductGroup,FILTERS AIR - CAT 992,0.027,kg/USD,,2022.0,EPA SCEF Margins — Other Metal Valve and Pipe Fitting Manufacturing,,,,,N,,
4,spend,FL05,ProductGroup,FILTERS OTHER- CAT 777,0.027,kg/USD,,2022.0,EPA SCEF Margins — Other Metal Valve and Pipe Fitting Manufacturing,,,,,N,,
4,spend,FL08,ProductGroup,FILTERS OTHER- CAT 777,0.027,kg/USD,,2022.0,EPA SCEF Margins — Other Metal Valve and Pipe Fitting Manufacturing,,,,,N,,
4,spend,FL19,ProductGroup,FILTERS AIR - HITACHI COMMON,0.027,kg/USD,,2022.0,EPA SCEF Margins — Other Metal Valve and Pipe Fitting Manufacturing,,,,,N,,
4,spend,FL20,ProductGroup,FILTERS OTHER - HITACHI COMMON,0.027,kg/USD,,2022.0,EPA SCEF Margins — Other Metal Valve and Pipe Fitting Manufacturing,,,,,N,,
4,spend,FL22,ProductGroup,FILTERS AIR - HITACHI EH3500,0.027,kg/USD,,2022.0,EPA SCEF Margins — Other Metal Valve and Pipe Fitting Manufacturing,,,,,N,,
4,spend,FL23,ProductGroup,FILTERS OTHER - HITACHI EH3500,0.027,kg/USD,,2022.0,EPA SCEF Margins — Other Metal Valve and Pipe Fitting Manufacturing,,,,,N,,
4,spend,FL26,ProductGroup,FILTERS OTHER - HITACHI EX3600,0.027,kg/USD,,2022.0,EPA SCEF Margins — Other Metal Valve and Pipe Fitting Manufacturing,,,,,N,,
4,spend,FL29,ProductGroup,FILTERS OTHER- HITACHI EX1200,0.027,kg/USD,,2022.0,EPA SCEF Margins — Other Metal Valve and Pipe Fitting Manufacturing,,,,,N,,
4,spend,FL32,ProductGroup,FILTERS OTHER - HITACHI EX2600,0.027,kg/USD,,2022.0,EPA SCEF Margins — Other Metal Valve and Pipe Fitting Manufacturing,,,,,N,,
4,spend,FLOC,ProductGroup,FLOCCULANT,0.028,kg/USD,,2022.0,EPA SCEF Margins — All Other Miscellaneous Chemical Product and Preparation Manufacturing,,325998.0,All Other Miscellaneous Chemical Product and Preparation Manufacturing,,N,,
4,spend,FLTA,ProductGroup,FILTERS - AIR,0.027,kg/USD,,2022.0,EPA SCEF Margins — Other Metal Valve and Pipe Fitting Manufacturing,,,,,N,,
4,spend,FLTR,ProductGroup,FILTER OTHER,0.027,kg/USD,,2022.0,EPA SCEF Margins — Other Metal Valve and Pipe Fitting Manufacturing,,,,,N,,
4,spend,FP01,ProductGroup,FXD PLT - CJ815 MECH,0.027,kg/USD,,2022.0,EPA SCEF Margins — Other Metal Valve and Pipe Fitting Manufacturing,,,,,N,,
4,spend,FP03,ProductGroup,FXD PLT - FLSMIDTH PRIM CRUSH,0.027,kg/USD,,2022.0,EPA SCEF Margins — Other Metal Valve and Pipe Fitting Manufacturing,,,,,N,,
4,spend,FP04,ProductGroup,FXD PLT - METSO MP1000 CRUSHER,0.027,kg/USD,,2022.0,EPA SCEF Margins — Other Metal Valve and Pipe Fitting Manufacturing,,,,,N,,
4,spend,FP05,ProductGroup,FXD PLT - METSO HP800 CRUSHER,0.027,kg/USD,,2022.0,EPA SCEF Margins — Other Metal Valve and Pipe Fitting Manufacturing,,,,,N,,
4,spend,FP06,ProductGroup,FXD PLT - TRANSMIN FEEDER,0.027,kg/USD,,2022.0,EPA SCEF Margins — Other Metal Valve and Pipe Fitting Manufacturing,,,,,N,,
4,spend,FP07,ProductGroup,FXD PLT - STEINERT MAG BELT,0.027,kg/USD,,2022.0,EPA SCEF Margins — Other Metal Valve and Pipe Fitting Manufacturing,,,,,N,,
4,spend,FP08,ProductGroup,FXD PLT - PIPING & SPOOLS,0.027,kg/USD,,2022.0,EPA SCEF Margins — Other Metal Valve and Pipe Fitting Manufacturing,,,,,N,,
4,spend,FP09,ProductGroup,FXD PLT - CYCLONE SPARES,0.027,kg/USD,,2022.0,EPA SCEF Margins — Other Metal Valve and Pipe Fitting Manufacturing,,,,,N,,
4,spend,FPES,ProductGroup,FIXED PLANT ELECTRICAL SPARES,0.027,kg/USD,,2022.0,EPA SCEF Margins — Other Metal Valve and Pipe Fitting Manufacturing,,,,,N,,
4,spend,FPMS,ProductGroup,FIXED PLANT MECHANICAL SPARES,0.027,kg/USD,,2022.0,EPA SCEF Margins — Other Metal Valve and Pipe Fitting Manufacturing,,,,,N,,
4,spend,GASC,ProductGroup,GAS - COMPRESSED,0.028,kg/USD,,2022.0,EPA SCEF Margins — All Other Miscellaneous Chemical Product and Preparation Manufacturing,,,,,N,,
4,spend,GE01,ProductGroup,GET - CAT COMMON,0.021,kg/USD,,2022.0,EPA SCEF Margins — Iron Foundries,,,,,N,,
4,spend,GE02,ProductGroup,GET - CAT 992,0.021,kg/USD,,2022.0,EPA SCEF Margins — Iron Foundries,,,,,N,,
4,spend,GE06,ProductGroup,GET - HITACHI COMMON,0.021,kg/USD,,2022.0,EPA SCEF Margins — Iron Foundries,,,,,N,,
4,spend,GE07,ProductGroup,GET - HITACHI EX3600,0.021,kg/USD,,2022.0,EPA SCEF Margins — Iron Foundries,,,,,N,,
4,spend,GE08,ProductGroup,GET - HITACHI EX1200,0.021,kg/USD,,2022.0,EPA SCEF Margins — Iron Foundries,,,,,N,,
4,spend,GE09,ProductGroup,GET - HITACHI EX2600,0.021,kg/USD,,2022.0,EPA SCEF Margins — Iron Foundries,,,,,N,,
4,spend,GE10,ProductGroup,GET - LIEBHERR R9350,0.021,kg/USD,,2022.0,EPA SCEF Margins — Iron Foundries,,,,,N,,
4,spend,GE20,ProductGroup,GET - KOMATSU WA500,0.021,kg/USD,,2022.0,EPA SCEF Margins — Iron Foundries,,,,,N,,
4,spend,GE21,ProductGroup,GET - KOMATSU WA600,0.021,kg/USD,,2022.0,EPA SCEF Margins — Iron Foundries,,,,,N,,
4,spend,GEAR,ProductGroup,GEARBOXES & COMPONENTS,0.021,kg/USD,,2022.0,EPA SCEF Margins — Iron Foundries,,,,,N,,
4,spend,GENC,ProductGroup,CONSUMABLES - GENERAL,0.028,kg/USD,,2022.0,EPA SCEF Margins — All Other Miscellaneous Chemical Product and Preparation Manufacturing,,,,,N,,
4,spend,GETS,ProductGroup,GROUND ENGAGING TOOLS,0.021,kg/USD,,2022.0,EPA SCEF Margins — Iron Foundries,,,,,N,,
4,spend,GMED,ProductGroup,GRINDING MEDIA,0.021,kg/USD,,2022.0,EPA SCEF Margins — Iron Foundries,,331511.0,Iron Foundries,,N,,
4,spend,HO02,ProductGroup,HOSES - CAT 777,0.027,kg/USD,,2022.0,EPA SCEF Margins — Other Metal Valve and Pipe Fitting Manufacturing,,,,,N,,
4,spend,HO06,ProductGroup,HOSES - HITACHI COMMON,0.027,kg/USD,,2022.0,EPA SCEF Margins — Other Metal Valve and Pipe Fitting Manufacturing,,,,,N,,
4,spend,HO07,ProductGroup,HOSES - HITACHI EH3500,0.027,kg/USD,,2022.0,EPA SCEF Margins — Other Metal Valve and Pipe Fitting Manufacturing,,,,,N,,
4,spend,HO08,ProductGroup,HOSES - HITACHI EX3600,0.027,kg/USD,,2022.0,EPA SCEF Margins — Other Metal Valve and Pipe Fitting Manufacturing,,,,,N,,
4,spend,HO09,ProductGroup,HOSES - HITACHI EX1200,0.027,kg/USD,,2022.0,EPA SCEF Margins — Other Metal Valve and Pipe Fitting Manufacturing,,,,,N,,
4,spend,HO10,ProductGroup,HOSES - HITACHI EX2600,0.027,kg/USD,,2022.0,EPA SCEF Margins — Other Metal Valve and Pipe Fitting Manufacturing,,,,,N,,
4,spend,HOSE,ProductGroup,HOSES,0.03,kg/USD,,2022.0,EPA SCEF Margins — Rubber Product Manufacturing for Mechanical Use,,,,,N,,
4,spend,INST,ProductGroup,INSTRUMENTATION,0.019,kg/USD,,2022.0,EPA SCEF Margins — Other Electronic Component Manufacturing,,,,,N,,
4,spend,LABC,ProductGroup,"LAB CONSUMABLES, GAS & CHEMLS",0.028,kg/USD,,2022.0,EPA SCEF Margins — All Other Miscellaneous Chemical Product and Preparation Manufacturing,,,,,N,,
4,spend,LEAC,ProductGroup,LEACH AID,0.028,kg/USD,,2022.0,EPA SCEF Margins — All Other Miscellaneous Chemical Product and Preparation Manufacturing,,325998.0,All Other Miscellaneous Chemical Product and Preparation Manufacturing,,N,,
4,spend,LIME,ProductGroup,LIME,0.063,kg/USD,,2022.0,EPA SCEF Margins — Lime Manufacturing,,327410.0,Lime Manufacturing,,N,,
4,spend,LSUP,ProductGroup,LABORATORY OTHER,0.028,kg/USD,,2022.0,EPA SCEF Margins — All Other Miscellaneous Chemical Product and Preparation Manufacturing,,,,,N,,
4,spend,MCON,ProductGroup,MAINTENANCE CONSUMABLES,0.028,kg/USD,,2022.0,EPA SCEF Margins — All Other Miscellaneous Chemical Product and Preparation Manufacturing,,,,,N,,
4,spend,MEDS,ProductGroup,MEDICAL SUPPLIES,0.028,kg/USD,,2022.0,EPA SCEF Margins — All Other Miscellaneous Chemical Product and Preparation Manufacturing,,,,,N,,
4,spend,MP01,ProductGroup,MBL PLNT - CAT COMMON,0.027,kg/USD,,2022.0,EPA SCEF Margins — Other Metal Valve and Pipe Fitting Manufacturing,,,,,N,,
4,spend,MP03,ProductGroup,MBL PLNT - CAT 777,0.027,kg/USD,,2022.0,EPA SCEF Margins — Other Metal Valve and Pipe Fitting Manufacturing,,,,,N,,
4,spend,MP05,ProductGroup,MBL PLNT - CAT 992,0.027,kg/USD,,2022.0,EPA SCEF Margins — Other Metal Valve and Pipe Fitting Manufacturing,,,,,N,,
4,spend,MP06,ProductGroup,MBL PLNT - CAT D10T2,0.027,kg/USD,,2022.0,EPA SCEF Margins — Other Metal Valve and Pipe Fitting Manufacturing,,,,,N,,
4,spend,MP07,ProductGroup,MBL PLNT - CAT 775G,0.027,kg/USD,,2022.0,EPA SCEF Margins — Other Metal Valve and Pipe Fitting Manufacturing,,,,,N,,
4,spend,MP08,ProductGroup,MBL PLNT - CAT 18,0.027,kg/USD,,2022.0,EPA SCEF Margins — Other Metal Valve and Pipe Fitting Manufacturing,,,,,N,,
4,spend,MP09,ProductGroup,MBL PLNT - CAT 854K,0.027,kg/USD,,2022.0,EPA SCEF Margins — Other Metal Valve and Pipe Fitting Manufacturing,,,,,N,,
4,spend,MP11,ProductGroup,MBL PLNT - HITACHI COMMON,0.027,kg/USD,,2022.0,EPA SCEF Margins — Other Metal Valve and Pipe Fitting Manufacturing,,,,,N,,
4,spend,MP13,ProductGroup,MBL PLNT - HITACHI EH3500,0.027,kg/USD,,2022.0,EPA SCEF Margins — Other Metal Valve and Pipe Fitting Manufacturing,,,,,N,,
4,spend,MP15,ProductGroup,MBL PLNT - HITACHI EX3600,0.027,kg/USD,,2022.0,EPA SCEF Margins — Other Metal Valve and Pipe Fitting Manufacturing,,,,,N,,
4,spend,MP17,ProductGroup,MBL PLNT - HITACHI EX1200,0.027,kg/USD,,2022.0,EPA SCEF Margins — Other Metal Valve and Pipe Fitting Manufacturing,,,,,N,,
4,spend,MP19,ProductGroup,MBL PLNT - HITACHI EX2600,0.027,kg/USD,,2022.0,EPA SCEF Margins — Other Metal Valve and Pipe Fitting Manufacturing,,,,,N,,
4,spend,MP29,ProductGroup,MBL PLNT - LIEBHERR R9350,0.027,kg/USD,,2022.0,EPA SCEF Margins — Other Metal Valve and Pipe Fitting Manufacturing,,,,,N,,
4,spend,MP30,ProductGroup,MBL PLNT - KOMAT COMMON,0.027,kg/USD,,2022.0,EPA SCEF Margins — Other Metal Valve and Pipe Fitting Manufacturing,,,,,N,,
4,spend,MP31,ProductGroup,MBL PLNT - EXCAVATOR BUCKETS,0.027,kg/USD,,2022.0,EPA SCEF Margins — Other Metal Valve and Pipe Fitting Manufacturing,,,,,N,,
4,spend,MPES,ProductGroup,MOBILE PLANT SPARES - ELECT,0.027,kg/USD,,2022.0,EPA SCEF Margins — Other Metal Valve and Pipe Fitting Manufacturing,,,,,N,,
4,spend,MPMS,ProductGroup,MOBILE PLANT SPARES - MECH,0.027,kg/USD,,2022.0,EPA SCEF Margins — Other Metal Valve and Pipe Fitting Manufacturing,,,,,N,,
4,spend,NACL,ProductGroup,SODIUM CHLORITE,0.036,kg/USD,,2022.0,EPA SCEF Margins — Other Basic Inorganic Chemical Manufacturing,,325180.0,Other Basic Inorganic Chemical Manufacturing,,N,,
4,spend,NAHY,ProductGroup,SODIUM HYPOCHLORITE,0.036,kg/USD,,2022.0,EPA SCEF Margins — Other Basic Inorganic Chemical Manufacturing,,325180.0,Other Basic Inorganic Chemical Manufacturing,,N,,
4,spend,NITR,ProductGroup,NITROGEN,0.048,kg/USD,,2022.0,EPA SCEF Margins — Industrial Gas Manufacturing,,325120.0,Industrial Gas Manufacturing,,N,,
4,spend,OFIS,ProductGroup,OFFICE SUPPLIES & CONSUMABLES,0.028,kg/USD,,2022.0,EPA SCEF Margins — All Other Miscellaneous Chemical Product and Preparation Manufacturing,,,,,N,,
4,spend,OXYG,ProductGroup,OXYGEN - BULK,0.048,kg/USD,,2022.0,EPA SCEF Margins — Industrial Gas Manufacturing,,,,,N,,
4,spend,PFIT,ProductGroup,PIPES AND FITTINGS,0.018,kg/USD,,2022.0,EPA SCEF Margins — Iron and Steel Mills and Ferroalloy Manufacturing,,,,,N,,
4,spend,PLUM,ProductGroup,PLUMBING FITTINGS & SUPPLIES,0.018,kg/USD,,2022.0,EPA SCEF Margins — Iron and Steel Mills and Ferroalloy Manufacturing,,,,,N,,
4,spend,PU01,ProductGroup,PUMP LINERS,0.023,kg/USD,,2022.0,EPA SCEF Margins — Iron and Steel Forging,,,,,N,,
4,spend,PU02,ProductGroup,PUMP IMPELLERS,0.023,kg/USD,,2022.0,EPA SCEF Margins — Iron and Steel Forging,,,,,N,,
4,spend,PU03,ProductGroup,PUMP GLANDS & PACKING,0.023,kg/USD,,2022.0,EPA SCEF Margins — Iron and Steel Forging,,,,,N,,
4,spend,PU04,ProductGroup,PUMP STUFFING BOXES,0.023,kg/USD,,2022.0,EPA SCEF Margins — Iron and Steel Forging,,,,,N,,
4,spend,PU05,ProductGroup,PUMP BARRELS,0.023,kg/USD,,2022.0,EPA SCEF Margins — Iron and Steel Forging,,,,,N,,
4,spend,PU06,ProductGroup,PUMP DOSING,0.023,kg/USD,,2022.0,EPA SCEF Margins — Iron and Steel Forging,,,,,N,,
4,spend,PU09,ProductGroup,PUMP MISC,0.023,kg/USD,,2022.0,EPA SCEF Margins — Iron and Steel Forging,,,,,N,,
4,spend,PU10,ProductGroup,PUMP LABYRINTHS,0.023,kg/USD,,2022.0,EPA SCEF Margins — Iron and Steel Forging,,,,,N,,
4,spend,PU12,ProductGroup,PUMP THROATBUSHS,0.023,kg/USD,,2022.0,EPA SCEF Margins — Iron and Steel Forging,,,,,N,,
4,spend,PU13,ProductGroup,PUMP BOLTS + NUTS,0.023,kg/USD,,2022.0,EPA SCEF Margins — Iron and Steel Forging,,,,,N,,
4,spend,PU14,ProductGroup,PUMP COVERS,0.023,kg/USD,,2022.0,EPA SCEF Margins — Iron and Steel Forging,,,,,N,,
4,spend,PU15,ProductGroup,PUMP O RINGS,0.023,kg/USD,,2022.0,EPA SCEF Margins — Iron and Steel Forging,,,,,N,,
4,spend,PU16,ProductGroup,PUMP PLATES,0.023,kg/USD,,2022.0,EPA SCEF Margins — Iron and Steel Forging,,,,,N,,
4,spend,PU17,ProductGroup,PUMP RESTRICTORS,0.023,kg/USD,,2022.0,EPA SCEF Margins — Iron and Steel Forging,,,,,N,,
4,spend,PU18,ProductGroup,PUMP SHAFTS,0.023,kg/USD,,2022.0,EPA SCEF Margins — Iron and Steel Forging,,,,,N,,
4,spend,PU19,ProductGroup,PUMP SLEEVE SHAFTS,0.023,kg/USD,,2022.0,EPA SCEF Margins — Iron and Steel Forging,,,,,N,,
4,spend,PU20,ProductGroup,PUMP STUDS,0.023,kg/USD,,2022.0,EPA SCEF Margins — Iron and Steel Forging,,,,,N,,
4,spend,PU23,ProductGroup,PUMP SEALS,0.023,kg/USD,,2022.0,EPA SCEF Margins — Iron and Steel Forging,,,,,N,,
4,spend,PU24,ProductGroup,PUMP RELATED RINGS,0.023,kg/USD,,2022.0,EPA SCEF Margins — Iron and Steel Forging,,,,,N,,
4,spend,PU25,ProductGroup,PUMP SPACERS,0.023,kg/USD,,2022.0,EPA SCEF Margins — Iron and Steel Forging,,,,,N,,
4,spend,PUMP,ProductGroup,PUMP PARTS,0.023,kg/USD,,2022.0,EPA SCEF Margins — Iron and Steel Forging,,,,,N,,
4,spend,SA01,ProductGroup,SAFETY - GLOVES,0.028,kg/USD,,2022.0,EPA SCEF Margins — All Other Miscellaneous Chemical Product and Preparation Manufacturing,,,,,N,,
4,spend,SA02,ProductGroup,SAFETY - EYE PROTECTION,0.028,kg/USD,,2022.0,EPA SCEF Margins — All Other Miscellaneous Chemical Product and Preparation Manufacturing,,,,,N,,
4,spend,SA03,ProductGroup,SAFETY - UNIFORMS,0.028,kg/USD,,2022.0,EPA SCEF Margins — All Other Miscellaneous Chemical Product and Preparation Manufacturing,,,,,N,,
4,spend,SA04,ProductGroup,SAFETY - FOOTWARE,0.028,kg/USD,,2022.0,EPA SCEF Margins — All Other Miscellaneous Chemical Product and Preparation Manufacturing,,,,,N,,
4,spend,SA05,ProductGroup,SAFETY - OTHER CLOTHING,0.028,kg/USD,,2022.0,EPA SCEF Margins — All Other Miscellaneous Chemical Product and Preparation Manufacturing,,,,,N,,
4,spend,SAFC,ProductGroup,SAFETY GENERAL CONSUMABLES,0.028,kg/USD,,2022.0,EPA SCEF Margins — All Other Miscellaneous Chemical Product and Preparation Manufacturing,,,,,N,,
4,spend,SAFG,ProductGroup,SAFETY EQUIPMENT - GENERAL,0.028,kg/USD,,2022.0,EPA SCEF Margins — All Other Miscellaneous Chemical Product and Preparation Manufacturing,,,,,N,,
4,spend,SCRM,ProductGroup,SCREEN MEDIA,0.018,kg/USD,,2022.0,EPA SCEF Margins — Iron and Steel Mills and Ferroalloy Manufacturing,,,,,N,,
4,spend,SCRN,ProductGroup,SCREENS SPARES,0.021,kg/USD,,2022.0,EPA SCEF Margins — Iron Foundries,,,,,N,,
4,spend,SEAL,ProductGroup,"SEALS, PACKING & GASKETS",0.03,kg/USD,,2022.0,EPA SCEF Margins — Rubber Product Manufacturing for Mechanical Use,,,,,N,,
4,spend,SEWG,ProductGroup,SEWAGE TREATMENT,0.036,kg/USD,,2022.0,EPA SCEF Margins — Other Basic Inorganic Chemical Manufacturing,,325180.0,Other Basic Inorganic Chemical Manufacturing,,N,,
4,spend,SIGN,ProductGroup,SIGNS,0.028,kg/USD,,2022.0,EPA SCEF Margins — All Other Miscellaneous Chemical Product and Preparation Manufacturing,,,,,N,,
4,spend,SODA,ProductGroup,SODA ASH,0.036,kg/USD,,2022.0,EPA SCEF Margins — Other Basic Inorganic Chemical Manufacturing,,325180.0,Other Basic Inorganic Chemical Manufacturing,,N,,
4,spend,STEL,ProductGroup,"STEEL PLATE, BAR & TUBE",0.018,kg/USD,,2022.0,EPA SCEF Margins — Iron and Steel Mills and Ferroalloy Manufacturing,,,,,N,,
4,spend,STUL,ProductGroup,SMALL TOOLS AND MINOR EQUIPMEN,0.028,kg/USD,,2022.0,EPA SCEF Margins — All Other Miscellaneous Chemical Product and Preparation Manufacturing,,,,,N,,
4,spend,SWGR,ProductGroup,SWITCHGEAR,0.019,kg/USD,,2022.0,EPA SCEF Margins — Other Electronic Component Manufacturing,,,,,N,,
4,spend,TY01,ProductGroup,TYRES,0.03,kg/USD,,2022.0,EPA SCEF Margins — Rubber Product Manufacturing for Mechanical Use,,326211.0,Tire Manufacturing (except Retreading),,N,,
4,spend,TY02,ProductGroup,RIMS,0.03,kg/USD,,2022.0,EPA SCEF Margins — Rubber Product Manufacturing for Mechanical Use,,,,,N,,
4,spend,TY03,ProductGroup,TUBES,0.03,kg/USD,,2022.0,EPA SCEF Margins — Rubber Product Manufacturing for Mechanical Use,,,,,N,,
4,spend,TY04,ProductGroup,TYRE ACCESSORIES,0.03,kg/USD,,2022.0,EPA SCEF Margins — Rubber Product Manufacturing for Mechanical Use,,,,,N,,
4,spend,TYRE,ProductGroup,"TYRES, WHEELS RIMS & TUBES",0.03,kg/USD,,2022.0,EPA SCEF Margins — Rubber Product Manufacturing for Mechanical Use,,,,,N,,
4,spend,VALV,ProductGroup,VALVES,0.023,kg/USD,,2022.0,EPA SCEF Margins — Iron and Steel Forging,,,,,N,,
4,spend,VENT,ProductGroup,VENTILATION SUPPLIES,0.028,kg/USD,,2022.0,EPA SCEF Margins — All Other Miscellaneous Chemical Product and Preparation Manufacturing,,,,,N,,
4,spend,WELD,ProductGroup,WELDING SUPPLIES & GASSES,0.018,kg/USD,,2022.0,EPA SCEF Margins — Iron and Steel Mills and Ferroalloy Manufacturing,,,,,N,,
4,spend,WGAS,ProductGroup,WELDING GAS,0.048,kg/USD,,2022.0,EPA SCEF Margins — Industrial Gas Manufacturing,,325120.0,Industrial Gas Manufacturing,,N,,
4,spend,WR01,ProductGroup,WEAR PARTS - MILL 1 LINERS,0.021,kg/USD,,2022.0,EPA SCEF Margins — Iron Foundries,,,,,N,,
4,spend,WR02,ProductGroup,WEAR PARTS - MILL 2 LINERS,0.021,kg/USD,,2022.0,EPA SCEF Margins — Iron Foundries,,,,,N,,
4,spend,WR03,ProductGroup,WEAR PARTS - MILL 3 LINERS,0.021,kg/USD,,2022.0,EPA SCEF Margins — Iron Foundries,,,,,N,,
4,spend,WR04,ProductGroup,WEAR PARTS - MILL 4 LINERS,0.021,kg/USD,,2022.0,EPA SCEF Margins — Iron Foundries,,,,,N,,
4,spend,WRCH,ProductGroup,WEAR PLATES - CHUTES,0.018,kg/USD,,2022.0,EPA SCEF Margins — Iron and Steel Mills and Ferroalloy Manufacturing,,,,,N,,
4,spend,WRFE,ProductGroup,WEAR PARTS - TERT FEEDERS,0.018,kg/USD,,2022.0,EPA SCEF Margins — Iron and Steel Mills and Ferroalloy Manufacturing,,,,,N,,
4,spend,WRML,ProductGroup,WEAR PARTS - MILLS,0.018,kg/USD,,2022.0,EPA SCEF Margins — Iron and Steel Mills and Ferroalloy Manufacturing,,,,,N,,
4,spend,WRPC,ProductGroup,WEAR PARTS - PRIMARY CRUSHER,0.018,kg/USD,,2022.0,EPA SCEF Margins — Iron and Steel Mills and Ferroalloy Manufacturing,,,,,N,,
4,spend,WRRC,ProductGroup,WEAR PARTS - RECYCLE CRUSHER,0.018,kg/USD,,2022.0,EPA SCEF Margins — Iron and Steel Mills and Ferroalloy Manufacturing,,,,,N,,
5,treatment,General waste to landfill,WasteStream,General waste to landfill,0.586,t CO2-e per t,t,,"NGA Factors, solid waste to landfill, mixed municipal",,,,,N,,
5,treatment,Prescribed and hazardous waste,WasteStream,Prescribed and hazardous waste,0.02,t CO2-e per t,t,,"Treatment and disposal, screening factor",,,,,N,,
5,treatment,Recycled metals,WasteStream,Recycled metals,0.021,t CO2-e per t,t,,"Recycling, screening factor",,,,,N,,
6,travel,Brisbane to Townsville,TravelLeg,"Air sector, Brisbane to Townsville",0.155,kg CO2-e per passenger km,passenger km,,"Recognised aviation factor, domestic short haul, economy",,,,,N,,
7,vehicle,Commuting passenger vehicle,CommuteLeg,"Passenger vehicle, diesel and petrol blend",0.181,kg CO2-e per km,km,,"NGA Factors, passenger vehicle, diesel and petrol blend",,,,,N,,
